,Actual Class,Class Size,Correct Class Predicted,Equiv Class,Exact User Predicted,Largest Possible Class Size,Predicted Class,gamma,kernel
0,3112,1,True,JUMP,True,251,3112,scale,rbf
1,3112,1,True,SCORE_DIST,True,251,3112,scale,rbf
2,3112,25,True,PERCENTILES,True,251,3112,scale,rbf
3,244,4,False,JUMP,False,251,3112,scale,rbf
4,244,2,False,SCORE_DIST,False,251,3112,scale,rbf
5,244,25,False,PERCENTILES,False,251,3112,scale,rbf
6,108,4,False,JUMP,False,251,6751,scale,rbf
7,108,2,False,SCORE_DIST,False,251,6751,scale,rbf
8,108,25,False,PERCENTILES,False,251,6751,scale,rbf
9,36817,4,False,JUMP,False,251,6751,scale,rbf
10,36817,2,False,SCORE_DIST,False,251,6751,scale,rbf
11,36817,25,False,PERCENTILES,False,251,6751,scale,rbf
12,5000,1,False,JUMP,False,251,3112,scale,rbf
13,5000,1,False,SCORE_DIST,False,251,3112,scale,rbf
14,5000,25,False,PERCENTILES,False,251,3112,scale,rbf
15,8675,1,False,JUMP,False,251,4857,scale,rbf
16,8675,1,False,SCORE_DIST,False,251,4857,scale,rbf
17,8675,25,True,PERCENTILES,False,251,4857,scale,rbf
18,833,4,False,JUMP,False,251,6751,scale,rbf
19,833,2,False,SCORE_DIST,False,251,6751,scale,rbf
20,833,25,False,PERCENTILES,False,251,6751,scale,rbf
21,30444,2,False,JUMP,False,251,3112,scale,rbf
22,30444,1,False,SCORE_DIST,False,251,3112,scale,rbf
23,30444,25,False,PERCENTILES,False,251,3112,scale,rbf
24,3510,2,False,JUMP,False,251,6751,scale,rbf
25,3510,1,False,SCORE_DIST,False,251,6751,scale,rbf
26,3510,25,True,PERCENTILES,False,251,6751,scale,rbf
27,17931,1,False,JUMP,False,251,3112,scale,rbf
28,17931,1,False,SCORE_DIST,False,251,3112,scale,rbf
29,17931,25,True,PERCENTILES,False,251,3112,scale,rbf
30,10293,1,False,JUMP,False,251,3112,scale,rbf
31,10293,1,False,SCORE_DIST,False,251,3112,scale,rbf
32,10293,25,True,PERCENTILES,False,251,3112,scale,rbf
33,6751,1,True,JUMP,True,251,6751,scale,rbf
34,6751,1,True,SCORE_DIST,True,251,6751,scale,rbf
35,6751,25,True,PERCENTILES,True,251,6751,scale,rbf
36,48354,7,False,JUMP,False,251,6751,scale,rbf
37,48354,1,False,SCORE_DIST,False,251,6751,scale,rbf
38,48354,25,True,PERCENTILES,False,251,6751,scale,rbf
39,2042,1,False,JUMP,False,251,3112,scale,rbf
40,2042,1,False,SCORE_DIST,False,251,3112,scale,rbf
41,2042,25,False,PERCENTILES,False,251,3112,scale,rbf
42,3082,1,False,JUMP,False,251,3112,scale,rbf
43,3082,1,False,SCORE_DIST,False,251,3112,scale,rbf
44,3082,25,True,PERCENTILES,False,251,3112,scale,rbf
45,224,1,False,JUMP,False,251,10364,scale,rbf
46,224,1,False,SCORE_DIST,False,251,10364,scale,rbf
47,224,25,True,PERCENTILES,False,251,10364,scale,rbf
48,27073,1,False,JUMP,False,251,3112,scale,rbf
49,27073,1,False,SCORE_DIST,False,251,3112,scale,rbf
50,27073,25,True,PERCENTILES,False,251,3112,scale,rbf
51,20204,4,False,JUMP,False,251,6751,scale,rbf
52,20204,1,False,SCORE_DIST,False,251,6751,scale,rbf
53,20204,25,True,PERCENTILES,False,251,6751,scale,rbf
54,98,1,False,JUMP,False,251,10364,scale,rbf
55,98,1,False,SCORE_DIST,False,251,10364,scale,rbf
56,98,25,True,PERCENTILES,False,251,10364,scale,rbf
57,22153,1,False,JUMP,False,251,3112,scale,rbf
58,22153,1,False,SCORE_DIST,False,251,3112,scale,rbf
59,22153,25,False,PERCENTILES,False,251,3112,scale,rbf
60,13492,1,False,JUMP,False,251,3112,scale,rbf
61,13492,1,False,SCORE_DIST,False,251,3112,scale,rbf
62,13492,25,True,PERCENTILES,False,251,3112,scale,rbf
63,857,1,False,JUMP,False,251,3112,scale,rbf
64,857,1,False,SCORE_DIST,False,251,3112,scale,rbf
65,857,25,False,PERCENTILES,False,251,3112,scale,rbf
66,833,6,False,JUMP,False,251,10364,scale,rbf
67,833,2,False,SCORE_DIST,False,251,10364,scale,rbf
68,833,25,False,PERCENTILES,False,251,10364,scale,rbf
69,51255,2,False,JUMP,False,251,10364,scale,rbf
70,51255,1,False,SCORE_DIST,False,251,10364,scale,rbf
71,51255,25,False,PERCENTILES,False,251,10364,scale,rbf
72,13987,2,False,JUMP,False,251,10364,scale,rbf
73,13987,1,False,SCORE_DIST,False,251,10364,scale,rbf
74,13987,25,False,PERCENTILES,False,251,10364,scale,rbf
75,10293,1,False,JUMP,False,251,3112,scale,rbf
76,10293,1,False,SCORE_DIST,False,251,3112,scale,rbf
77,10293,25,True,PERCENTILES,False,251,3112,scale,rbf
78,10364,1,True,JUMP,True,251,10364,scale,rbf
79,10364,1,True,SCORE_DIST,True,251,10364,scale,rbf
80,10364,25,True,PERCENTILES,True,251,10364,scale,rbf
81,3245,1,False,JUMP,False,251,6751,scale,rbf
82,3245,1,False,SCORE_DIST,False,251,6751,scale,rbf
83,3245,25,False,PERCENTILES,False,251,6751,scale,rbf
84,10364,2,True,JUMP,False,251,3112,scale,rbf
85,10364,1,False,SCORE_DIST,False,251,3112,scale,rbf
86,10364,25,True,PERCENTILES,False,251,3112,scale,rbf
87,224,3,False,JUMP,False,251,6751,scale,rbf
88,224,1,False,SCORE_DIST,False,251,6751,scale,rbf
89,224,25,True,PERCENTILES,False,251,6751,scale,rbf
90,44692,1,False,JUMP,False,251,3112,scale,rbf
91,44692,1,False,SCORE_DIST,False,251,3112,scale,rbf
92,44692,25,True,PERCENTILES,False,251,3112,scale,rbf
93,98,2,False,JUMP,False,251,3112,scale,rbf
94,98,2,False,SCORE_DIST,False,251,3112,scale,rbf
95,98,25,True,PERCENTILES,False,251,3112,scale,rbf
96,681,1,False,JUMP,False,251,10364,scale,rbf
97,681,1,False,SCORE_DIST,False,251,10364,scale,rbf
98,681,25,False,PERCENTILES,False,251,10364,scale,rbf
99,16636,1,False,JUMP,False,251,3112,scale,rbf
100,16636,1,False,SCORE_DIST,False,251,3112,scale,rbf
101,16636,25,False,PERCENTILES,False,251,3112,scale,rbf
102,40907,2,False,JUMP,False,251,4857,scale,rbf
103,40907,3,False,SCORE_DIST,False,251,4857,scale,rbf
104,40907,25,False,PERCENTILES,False,251,4857,scale,rbf
105,2781,1,False,JUMP,False,251,3112,scale,rbf
106,2781,1,False,SCORE_DIST,False,251,3112,scale,rbf
107,2781,25,False,PERCENTILES,False,251,3112,scale,rbf
108,48354,1,False,JUMP,False,251,10364,scale,rbf
109,48354,1,False,SCORE_DIST,False,251,10364,scale,rbf
110,48354,25,True,PERCENTILES,False,251,10364,scale,rbf
111,224,3,False,JUMP,False,251,6751,scale,rbf
112,224,1,False,SCORE_DIST,False,251,6751,scale,rbf
113,224,25,True,PERCENTILES,False,251,6751,scale,rbf
114,13449,1,False,JUMP,False,251,10364,scale,rbf
115,13449,1,False,SCORE_DIST,False,251,10364,scale,rbf
116,13449,25,True,PERCENTILES,False,251,10364,scale,rbf
117,8887,4,False,JUMP,False,251,6751,scale,rbf
118,8887,3,False,SCORE_DIST,False,251,6751,scale,rbf
119,8887,25,False,PERCENTILES,False,251,6751,scale,rbf
120,34127,1,False,JUMP,False,251,3510,scale,rbf
121,34127,1,False,SCORE_DIST,False,251,3510,scale,rbf
122,34127,25,True,PERCENTILES,False,251,3510,scale,rbf
123,710,1,False,JUMP,False,251,3112,scale,rbf
124,710,1,False,SCORE_DIST,False,251,3112,scale,rbf
125,710,25,False,PERCENTILES,False,251,3112,scale,rbf
126,11251,1,False,JUMP,False,251,10364,scale,rbf
127,11251,2,False,SCORE_DIST,False,251,10364,scale,rbf
128,11251,25,False,PERCENTILES,False,251,10364,scale,rbf
129,4857,3,True,JUMP,True,251,4857,scale,rbf
130,4857,2,True,SCORE_DIST,True,251,4857,scale,rbf
131,4857,25,True,PERCENTILES,True,251,4857,scale,rbf
132,3112,1,False,JUMP,False,251,6751,scale,rbf
133,3112,1,False,SCORE_DIST,False,251,6751,scale,rbf
134,3112,25,True,PERCENTILES,False,251,6751,scale,rbf
135,517,1,False,JUMP,False,251,3510,scale,rbf
136,517,1,False,SCORE_DIST,False,251,3510,scale,rbf
137,517,25,False,PERCENTILES,False,251,3510,scale,rbf
138,605,2,False,JUMP,False,251,3112,scale,rbf
139,605,1,False,SCORE_DIST,False,251,3112,scale,rbf
140,605,25,False,PERCENTILES,False,251,3112,scale,rbf
141,137,3,False,JUMP,False,251,44692,scale,rbf
142,137,2,False,SCORE_DIST,False,251,44692,scale,rbf
143,137,25,False,PERCENTILES,False,251,44692,scale,rbf
144,10364,1,True,JUMP,True,251,10364,scale,rbf
145,10364,1,True,SCORE_DIST,True,251,10364,scale,rbf
146,10364,25,True,PERCENTILES,True,251,10364,scale,rbf
147,3112,2,True,JUMP,True,251,3112,scale,rbf
148,3112,2,True,SCORE_DIST,True,251,3112,scale,rbf
149,3112,25,True,PERCENTILES,True,251,3112,scale,rbf
150,29870,4,False,JUMP,False,251,6751,scale,rbf
151,29870,1,False,SCORE_DIST,False,251,6751,scale,rbf
152,29870,25,False,PERCENTILES,False,251,6751,scale,rbf
153,47016,1,False,JUMP,False,251,6751,scale,rbf
154,47016,1,False,SCORE_DIST,False,251,6751,scale,rbf
155,47016,25,False,PERCENTILES,False,251,6751,scale,rbf
156,13449,7,True,JUMP,False,251,6751,scale,rbf
157,13449,1,False,SCORE_DIST,False,251,6751,scale,rbf
158,13449,25,True,PERCENTILES,False,251,6751,scale,rbf
159,13449,2,False,JUMP,False,251,3112,scale,rbf
160,13449,2,False,SCORE_DIST,False,251,3112,scale,rbf
161,13449,25,True,PERCENTILES,False,251,3112,scale,rbf
162,3112,2,True,JUMP,True,251,3112,scale,rbf
163,3112,1,True,SCORE_DIST,True,251,3112,scale,rbf
164,3112,25,True,PERCENTILES,True,251,3112,scale,rbf
165,5000,1,False,JUMP,False,251,3112,scale,rbf
166,5000,1,False,SCORE_DIST,False,251,3112,scale,rbf
167,5000,25,False,PERCENTILES,False,251,3112,scale,rbf
168,34127,4,False,JUMP,False,251,10364,scale,rbf
169,34127,2,False,SCORE_DIST,False,251,10364,scale,rbf
170,34127,25,False,PERCENTILES,False,251,10364,scale,rbf
171,4857,2,True,JUMP,True,251,4857,scale,rbf
172,4857,2,True,SCORE_DIST,True,251,4857,scale,rbf
173,4857,25,True,PERCENTILES,True,251,4857,scale,rbf
174,221,2,False,JUMP,False,251,3112,scale,rbf
175,221,1,False,SCORE_DIST,False,251,3112,scale,rbf
176,221,25,False,PERCENTILES,False,251,3112,scale,rbf
177,222,1,False,JUMP,False,251,6751,scale,rbf
178,222,1,False,SCORE_DIST,False,251,6751,scale,rbf
179,222,25,False,PERCENTILES,False,251,6751,scale,rbf
180,19975,1,False,JUMP,False,251,3112,scale,rbf
181,19975,1,False,SCORE_DIST,False,251,3112,scale,rbf
182,19975,25,False,PERCENTILES,False,251,3112,scale,rbf
183,3112,1,True,JUMP,True,251,3112,scale,rbf
184,3112,1,True,SCORE_DIST,True,251,3112,scale,rbf
185,3112,25,True,PERCENTILES,True,251,3112,scale,rbf
186,3202,1,False,JUMP,False,251,6751,scale,rbf
187,3202,1,False,SCORE_DIST,False,251,6751,scale,rbf
188,3202,25,True,PERCENTILES,False,251,6751,scale,rbf
189,2781,2,False,JUMP,False,251,6751,scale,rbf
190,2781,2,False,SCORE_DIST,False,251,6751,scale,rbf
191,2781,25,False,PERCENTILES,False,251,6751,scale,rbf
192,34298,1,False,JUMP,False,251,3112,scale,rbf
193,34298,1,False,SCORE_DIST,False,251,3112,scale,rbf
194,34298,25,True,PERCENTILES,False,251,3112,scale,rbf
195,8342,4,False,JUMP,False,251,6751,scale,rbf
196,8342,3,False,SCORE_DIST,False,251,6751,scale,rbf
197,8342,25,False,PERCENTILES,False,251,6751,scale,rbf
198,3524,4,False,JUMP,False,251,10364,scale,rbf
199,3524,1,False,SCORE_DIST,False,251,10364,scale,rbf
200,3524,25,False,PERCENTILES,False,251,10364,scale,rbf
201,18562,4,False,JUMP,False,251,6751,scale,rbf
202,18562,3,False,SCORE_DIST,False,251,6751,scale,rbf
203,18562,25,False,PERCENTILES,False,251,6751,scale,rbf
204,42719,1,False,JUMP,False,251,3112,scale,rbf
205,42719,1,False,SCORE_DIST,False,251,3112,scale,rbf
206,42719,25,False,PERCENTILES,False,251,3112,scale,rbf
207,3096,1,False,JUMP,False,251,6751,scale,rbf
208,3096,1,False,SCORE_DIST,False,251,6751,scale,rbf
209,3096,25,True,PERCENTILES,False,251,6751,scale,rbf
210,411,1,False,JUMP,False,251,3112,scale,rbf
211,411,1,False,SCORE_DIST,False,251,3112,scale,rbf
212,411,25,False,PERCENTILES,False,251,3112,scale,rbf
213,26776,1,False,JUMP,False,251,3112,scale,rbf
214,26776,1,False,SCORE_DIST,False,251,3112,scale,rbf
215,26776,25,False,PERCENTILES,False,251,3112,scale,rbf
216,13449,1,False,JUMP,False,251,6751,scale,rbf
217,13449,1,False,SCORE_DIST,False,251,6751,scale,rbf
218,13449,25,True,PERCENTILES,False,251,6751,scale,rbf
219,38304,1,False,JUMP,False,251,3112,scale,rbf
220,38304,1,False,SCORE_DIST,False,251,3112,scale,rbf
221,38304,25,False,PERCENTILES,False,251,3112,scale,rbf
222,371,4,False,JUMP,False,251,3112,scale,rbf
223,371,3,False,SCORE_DIST,False,251,3112,scale,rbf
224,371,25,False,PERCENTILES,False,251,3112,scale,rbf
225,3202,4,True,JUMP,False,251,6751,scale,rbf
226,3202,2,True,SCORE_DIST,False,251,6751,scale,rbf
227,3202,25,True,PERCENTILES,False,251,6751,scale,rbf
228,3510,1,True,JUMP,True,251,3510,scale,rbf
229,3510,1,True,SCORE_DIST,True,251,3510,scale,rbf
230,3510,25,True,PERCENTILES,True,251,3510,scale,rbf
231,1948,1,False,JUMP,False,251,10364,scale,rbf
232,1948,1,False,SCORE_DIST,False,251,10364,scale,rbf
233,1948,25,False,PERCENTILES,False,251,10364,scale,rbf
234,2253,1,False,JUMP,False,251,10364,scale,rbf
235,2253,1,False,SCORE_DIST,False,251,10364,scale,rbf
236,2253,25,False,PERCENTILES,False,251,10364,scale,rbf
237,3202,1,False,JUMP,False,251,3112,scale,rbf
238,3202,1,False,SCORE_DIST,False,251,3112,scale,rbf
239,3202,25,True,PERCENTILES,False,251,3112,scale,rbf
240,6751,5,True,JUMP,False,251,10364,scale,rbf
241,6751,1,False,SCORE_DIST,False,251,10364,scale,rbf
242,6751,25,True,PERCENTILES,False,251,10364,scale,rbf
243,8918,2,False,JUMP,False,251,3112,scale,rbf
244,8918,1,False,SCORE_DIST,False,251,3112,scale,rbf
245,8918,25,False,PERCENTILES,False,251,3112,scale,rbf
246,4857,1,False,JUMP,False,251,3112,scale,rbf
247,4857,1,False,SCORE_DIST,False,251,3112,scale,rbf
248,4857,25,True,PERCENTILES,False,251,3112,scale,rbf
249,24,3,False,JUMP,False,251,3112,scale,rbf
250,24,1,False,SCORE_DIST,False,251,3112,scale,rbf
251,24,25,False,PERCENTILES,False,251,3112,scale,rbf
252,710,1,False,JUMP,False,251,3112,scale,rbf
253,710,2,False,SCORE_DIST,False,251,3112,scale,rbf
254,710,25,False,PERCENTILES,False,251,3112,scale,rbf
255,20204,1,False,JUMP,False,251,3112,scale,rbf
256,20204,1,False,SCORE_DIST,False,251,3112,scale,rbf
257,20204,25,False,PERCENTILES,False,251,3112,scale,rbf
258,10364,1,False,JUMP,False,251,3112,scale,rbf
259,10364,1,False,SCORE_DIST,False,251,3112,scale,rbf
260,10364,25,True,PERCENTILES,False,251,3112,scale,rbf
261,30579,5,False,JUMP,False,251,10364,scale,rbf
262,30579,2,False,SCORE_DIST,False,251,10364,scale,rbf
263,30579,25,False,PERCENTILES,False,251,10364,scale,rbf
264,44692,3,True,JUMP,True,251,44692,scale,rbf
265,44692,1,True,SCORE_DIST,True,251,44692,scale,rbf
266,44692,25,True,PERCENTILES,True,251,44692,scale,rbf
267,49281,6,False,JUMP,False,251,6751,scale,rbf
268,49281,1,False,SCORE_DIST,False,251,6751,scale,rbf
269,49281,25,True,PERCENTILES,False,251,6751,scale,rbf
270,3112,2,True,JUMP,True,251,3112,scale,rbf
271,3112,2,True,SCORE_DIST,True,251,3112,scale,rbf
272,3112,25,True,PERCENTILES,True,251,3112,scale,rbf
273,3202,4,True,JUMP,False,251,10364,scale,rbf
274,3202,1,False,SCORE_DIST,False,251,10364,scale,rbf
275,3202,25,True,PERCENTILES,False,251,10364,scale,rbf
276,3202,4,True,JUMP,False,251,6751,scale,rbf
277,3202,3,False,SCORE_DIST,False,251,6751,scale,rbf
278,3202,25,True,PERCENTILES,False,251,6751,scale,rbf
279,147,1,False,JUMP,False,251,4857,scale,rbf
280,147,1,False,SCORE_DIST,False,251,4857,scale,rbf
281,147,25,True,PERCENTILES,False,251,4857,scale,rbf
282,10293,1,False,JUMP,False,251,3112,scale,rbf
283,10293,1,False,SCORE_DIST,False,251,3112,scale,rbf
284,10293,25,True,PERCENTILES,False,251,3112,scale,rbf
285,13939,1,False,JUMP,False,251,3510,scale,rbf
286,13939,2,False,SCORE_DIST,False,251,3510,scale,rbf
287,13939,25,False,PERCENTILES,False,251,3510,scale,rbf
288,10364,5,True,JUMP,True,251,10364,scale,rbf
289,10364,1,True,SCORE_DIST,True,251,10364,scale,rbf
290,10364,25,True,PERCENTILES,True,251,10364,scale,rbf
291,7066,4,False,JUMP,False,251,10364,scale,rbf
292,7066,1,False,SCORE_DIST,False,251,10364,scale,rbf
293,7066,25,True,PERCENTILES,False,251,10364,scale,rbf
294,13449,4,False,JUMP,False,251,6751,scale,rbf
295,13449,2,False,SCORE_DIST,False,251,6751,scale,rbf
296,13449,25,True,PERCENTILES,False,251,6751,scale,rbf
297,2341,1,False,JUMP,False,251,3112,scale,rbf
298,2341,1,False,SCORE_DIST,False,251,3112,scale,rbf
299,2341,25,False,PERCENTILES,False,251,3112,scale,rbf
300,3112,1,True,JUMP,True,251,3112,scale,rbf
301,3112,1,True,SCORE_DIST,True,251,3112,scale,rbf
302,3112,25,True,PERCENTILES,True,251,3112,scale,rbf
303,4857,1,True,JUMP,True,251,4857,scale,rbf
304,4857,1,True,SCORE_DIST,True,251,4857,scale,rbf
305,4857,25,True,PERCENTILES,True,251,4857,scale,rbf
306,3112,1,False,JUMP,False,251,3510,scale,rbf
307,3112,1,False,SCORE_DIST,False,251,3510,scale,rbf
308,3112,25,True,PERCENTILES,False,251,3510,scale,rbf
309,178,1,False,JUMP,False,251,3112,scale,rbf
310,178,1,False,SCORE_DIST,False,251,3112,scale,rbf
311,178,25,False,PERCENTILES,False,251,3112,scale,rbf
312,3510,1,False,JUMP,False,251,10364,scale,rbf
313,3510,1,False,SCORE_DIST,False,251,10364,scale,rbf
314,3510,25,True,PERCENTILES,False,251,10364,scale,rbf
315,6751,2,True,JUMP,True,251,6751,scale,rbf
316,6751,3,True,SCORE_DIST,True,251,6751,scale,rbf
317,6751,25,True,PERCENTILES,True,251,6751,scale,rbf
318,10618,4,False,JUMP,False,251,3112,scale,rbf
319,10618,1,False,SCORE_DIST,False,251,3112,scale,rbf
320,10618,25,False,PERCENTILES,False,251,3112,scale,rbf
321,3202,6,True,JUMP,False,251,6751,scale,rbf
322,3202,1,False,SCORE_DIST,False,251,6751,scale,rbf
323,3202,25,True,PERCENTILES,False,251,6751,scale,rbf
324,147,4,False,JUMP,False,251,6751,scale,rbf
325,147,3,False,SCORE_DIST,False,251,6751,scale,rbf
326,147,25,True,PERCENTILES,False,251,6751,scale,rbf
327,10293,1,False,JUMP,False,251,3112,scale,rbf
328,10293,1,False,SCORE_DIST,False,251,3112,scale,rbf
329,10293,25,True,PERCENTILES,False,251,3112,scale,rbf
330,44692,3,True,JUMP,False,251,10364,scale,rbf
331,44692,4,True,SCORE_DIST,False,251,10364,scale,rbf
332,44692,25,True,PERCENTILES,False,251,10364,scale,rbf
333,15965,4,False,JUMP,False,251,6751,scale,rbf
334,15965,2,False,SCORE_DIST,False,251,6751,scale,rbf
335,15965,25,False,PERCENTILES,False,251,6751,scale,rbf
336,13449,1,False,JUMP,False,251,3112,scale,rbf
337,13449,1,False,SCORE_DIST,False,251,3112,scale,rbf
338,13449,25,True,PERCENTILES,False,251,3112,scale,rbf
339,13449,1,False,JUMP,False,251,3112,scale,rbf
340,13449,1,False,SCORE_DIST,False,251,3112,scale,rbf
341,13449,25,True,PERCENTILES,False,251,3112,scale,rbf
342,3112,1,True,JUMP,True,251,3112,scale,rbf
343,3112,1,True,SCORE_DIST,True,251,3112,scale,rbf
344,3112,25,True,PERCENTILES,True,251,3112,scale,rbf
345,3202,1,False,JUMP,False,251,3112,scale,rbf
346,3202,1,False,SCORE_DIST,False,251,3112,scale,rbf
347,3202,25,True,PERCENTILES,False,251,3112,scale,rbf
348,20669,1,False,JUMP,False,251,3112,scale,rbf
349,20669,1,False,SCORE_DIST,False,251,3112,scale,rbf
350,20669,25,False,PERCENTILES,False,251,3112,scale,rbf
351,25133,4,False,JUMP,False,251,6751,scale,rbf
352,25133,2,False,SCORE_DIST,False,251,6751,scale,rbf
353,25133,25,False,PERCENTILES,False,251,6751,scale,rbf
354,8918,3,False,JUMP,False,251,6751,scale,rbf
355,8918,2,False,SCORE_DIST,False,251,6751,scale,rbf
356,8918,25,False,PERCENTILES,False,251,6751,scale,rbf
357,3497,4,False,JUMP,False,251,10364,scale,rbf
358,3497,1,False,SCORE_DIST,False,251,10364,scale,rbf
359,3497,25,False,PERCENTILES,False,251,10364,scale,rbf
360,98,1,False,JUMP,False,251,3112,scale,rbf
361,98,1,False,SCORE_DIST,False,251,3112,scale,rbf
362,98,25,True,PERCENTILES,False,251,3112,scale,rbf
363,2390,1,False,JUMP,False,251,10364,scale,rbf
364,2390,1,False,SCORE_DIST,False,251,10364,scale,rbf
365,2390,25,True,PERCENTILES,False,251,10364,scale,rbf
366,3082,1,False,JUMP,False,251,10364,scale,rbf
367,3082,1,False,SCORE_DIST,False,251,10364,scale,rbf
368,3082,25,True,PERCENTILES,False,251,10364,scale,rbf
369,13449,1,False,JUMP,False,251,10364,scale,rbf
370,13449,1,False,SCORE_DIST,False,251,10364,scale,rbf
371,13449,25,True,PERCENTILES,False,251,10364,scale,rbf
372,33884,1,False,JUMP,False,251,3112,scale,rbf
373,33884,1,False,SCORE_DIST,False,251,3112,scale,rbf
374,33884,25,False,PERCENTILES,False,251,3112,scale,rbf
375,3112,2,True,JUMP,True,251,3112,scale,rbf
376,3112,1,True,SCORE_DIST,True,251,3112,scale,rbf
377,3112,25,True,PERCENTILES,True,251,3112,scale,rbf
378,2341,4,False,JUMP,False,251,6751,scale,rbf
379,2341,1,False,SCORE_DIST,False,251,6751,scale,rbf
380,2341,25,False,PERCENTILES,False,251,6751,scale,rbf
381,10364,1,False,JUMP,False,251,3112,scale,rbf
382,10364,1,False,SCORE_DIST,False,251,3112,scale,rbf
383,10364,25,True,PERCENTILES,False,251,3112,scale,rbf
384,29870,1,False,JUMP,False,251,3112,scale,rbf
385,29870,1,False,SCORE_DIST,False,251,3112,scale,rbf
386,29870,25,True,PERCENTILES,False,251,3112,scale,rbf
387,49281,4,False,JUMP,False,251,10364,scale,rbf
388,49281,1,False,SCORE_DIST,False,251,10364,scale,rbf
389,49281,25,True,PERCENTILES,False,251,10364,scale,rbf
390,13449,1,False,JUMP,False,251,3510,scale,rbf
391,13449,1,False,SCORE_DIST,False,251,3510,scale,rbf
392,13449,25,True,PERCENTILES,False,251,3510,scale,rbf
393,3254,1,False,JUMP,False,251,10364,scale,rbf
394,3254,1,False,SCORE_DIST,False,251,10364,scale,rbf
395,3254,25,False,PERCENTILES,False,251,10364,scale,rbf
396,221,1,False,JUMP,False,251,3112,scale,rbf
397,221,1,False,SCORE_DIST,False,251,3112,scale,rbf
398,221,25,False,PERCENTILES,False,251,3112,scale,rbf
399,3510,1,False,JUMP,False,251,10364,scale,rbf
400,3510,1,False,SCORE_DIST,False,251,10364,scale,rbf
401,3510,25,True,PERCENTILES,False,251,10364,scale,rbf
402,757,2,False,JUMP,False,251,6751,scale,rbf
403,757,2,False,SCORE_DIST,False,251,6751,scale,rbf
404,757,25,True,PERCENTILES,False,251,6751,scale,rbf
405,3112,1,True,JUMP,True,251,3112,scale,rbf
406,3112,1,True,SCORE_DIST,True,251,3112,scale,rbf
407,3112,25,True,PERCENTILES,True,251,3112,scale,rbf
408,891,1,False,JUMP,False,251,6751,scale,rbf
409,891,1,False,SCORE_DIST,False,251,6751,scale,rbf
410,891,25,False,PERCENTILES,False,251,6751,scale,rbf
411,9304,1,False,JUMP,False,251,3112,scale,rbf
412,9304,1,False,SCORE_DIST,False,251,3112,scale,rbf
413,9304,25,False,PERCENTILES,False,251,3112,scale,rbf
414,1948,4,False,JUMP,False,251,6751,scale,rbf
415,1948,1,False,SCORE_DIST,False,251,6751,scale,rbf
416,1948,25,False,PERCENTILES,False,251,6751,scale,rbf
417,371,1,False,JUMP,False,251,3112,scale,rbf
418,371,1,False,SCORE_DIST,False,251,3112,scale,rbf
419,371,25,False,PERCENTILES,False,251,3112,scale,rbf
420,13449,3,False,JUMP,False,251,6751,scale,rbf
421,13449,1,False,SCORE_DIST,False,251,6751,scale,rbf
422,13449,25,True,PERCENTILES,False,251,6751,scale,rbf
423,10364,4,True,JUMP,False,251,6751,scale,rbf
424,10364,2,False,SCORE_DIST,False,251,6751,scale,rbf
425,10364,25,True,PERCENTILES,False,251,6751,scale,rbf
426,3096,1,False,JUMP,False,251,10364,scale,rbf
427,3096,1,False,SCORE_DIST,False,251,10364,scale,rbf
428,3096,25,True,PERCENTILES,False,251,10364,scale,rbf
429,18654,1,False,JUMP,False,251,3112,scale,rbf
430,18654,1,False,SCORE_DIST,False,251,3112,scale,rbf
431,18654,25,False,PERCENTILES,False,251,3112,scale,rbf
432,605,2,False,JUMP,False,251,10364,scale,rbf
433,605,3,False,SCORE_DIST,False,251,10364,scale,rbf
434,605,25,False,PERCENTILES,False,251,10364,scale,rbf
435,224,1,False,JUMP,False,251,10364,scale,rbf
436,224,1,False,SCORE_DIST,False,251,10364,scale,rbf
437,224,25,True,PERCENTILES,False,251,10364,scale,rbf
438,31706,3,False,JUMP,False,251,44692,scale,rbf
439,31706,2,False,SCORE_DIST,False,251,44692,scale,rbf
440,31706,25,False,PERCENTILES,False,251,44692,scale,rbf
441,2029,1,False,JUMP,False,251,3112,scale,rbf
442,2029,1,False,SCORE_DIST,False,251,3112,scale,rbf
443,2029,25,False,PERCENTILES,False,251,3112,scale,rbf
444,401,1,False,JUMP,False,251,10364,scale,rbf
445,401,1,False,SCORE_DIST,False,251,10364,scale,rbf
446,401,25,False,PERCENTILES,False,251,10364,scale,rbf
447,605,2,False,JUMP,False,251,6751,scale,rbf
448,605,1,False,SCORE_DIST,False,251,6751,scale,rbf
449,605,25,False,PERCENTILES,False,251,6751,scale,rbf
450,6472,1,False,JUMP,False,251,3112,scale,rbf
451,6472,2,False,SCORE_DIST,False,251,3112,scale,rbf
452,6472,25,False,PERCENTILES,False,251,3112,scale,rbf
453,843,4,False,JUMP,False,251,6751,scale,rbf
454,843,2,False,SCORE_DIST,False,251,6751,scale,rbf
455,843,25,True,PERCENTILES,False,251,6751,scale,rbf
456,98,4,False,JUMP,False,251,10364,scale,rbf
457,98,2,False,SCORE_DIST,False,251,10364,scale,rbf
458,98,25,True,PERCENTILES,False,251,10364,scale,rbf
459,20204,3,False,JUMP,False,251,6751,scale,rbf
460,20204,2,False,SCORE_DIST,False,251,6751,scale,rbf
461,20204,25,True,PERCENTILES,False,251,6751,scale,rbf
462,98,1,False,JUMP,False,251,10364,scale,rbf
463,98,2,False,SCORE_DIST,False,251,10364,scale,rbf
464,98,25,True,PERCENTILES,False,251,10364,scale,rbf
465,7709,1,False,JUMP,False,251,3112,scale,rbf
466,7709,1,False,SCORE_DIST,False,251,3112,scale,rbf
467,7709,25,False,PERCENTILES,False,251,3112,scale,rbf
468,6751,7,True,JUMP,True,251,6751,scale,rbf
469,6751,1,True,SCORE_DIST,True,251,6751,scale,rbf
470,6751,25,True,PERCENTILES,True,251,6751,scale,rbf
471,7066,1,False,JUMP,False,251,4857,scale,rbf
472,7066,2,False,SCORE_DIST,False,251,4857,scale,rbf
473,7066,25,True,PERCENTILES,False,251,4857,scale,rbf
474,447,4,True,JUMP,False,251,4857,scale,rbf
475,447,2,False,SCORE_DIST,False,251,4857,scale,rbf
476,447,25,True,PERCENTILES,False,251,4857,scale,rbf
477,10364,1,False,JUMP,False,251,3112,scale,rbf
478,10364,1,False,SCORE_DIST,False,251,3112,scale,rbf
479,10364,25,True,PERCENTILES,False,251,3112,scale,rbf
480,10364,1,True,JUMP,True,251,10364,scale,rbf
481,10364,1,True,SCORE_DIST,True,251,10364,scale,rbf
482,10364,25,True,PERCENTILES,True,251,10364,scale,rbf
483,36,1,False,JUMP,False,251,6751,scale,rbf
484,36,1,False,SCORE_DIST,False,251,6751,scale,rbf
485,36,25,False,PERCENTILES,False,251,6751,scale,rbf
486,3497,1,False,JUMP,False,251,10364,scale,rbf
487,3497,1,False,SCORE_DIST,False,251,10364,scale,rbf
488,3497,25,False,PERCENTILES,False,251,10364,scale,rbf
489,10364,1,True,JUMP,True,251,10364,scale,rbf
490,10364,1,True,SCORE_DIST,True,251,10364,scale,rbf
491,10364,25,True,PERCENTILES,True,251,10364,scale,rbf
492,251,1,False,JUMP,False,251,10364,scale,rbf
493,251,1,False,SCORE_DIST,False,251,10364,scale,rbf
494,251,25,False,PERCENTILES,False,251,10364,scale,rbf
495,766,1,False,JUMP,False,251,3112,scale,rbf
496,766,1,False,SCORE_DIST,False,251,3112,scale,rbf
497,766,25,False,PERCENTILES,False,251,3112,scale,rbf
498,98,4,False,JUMP,False,251,10364,scale,rbf
499,98,1,False,SCORE_DIST,False,251,10364,scale,rbf
500,98,25,True,PERCENTILES,False,251,10364,scale,rbf
501,6751,3,False,JUMP,False,251,4857,scale,rbf
502,6751,2,False,SCORE_DIST,False,251,4857,scale,rbf
503,6751,25,True,PERCENTILES,False,251,4857,scale,rbf
504,3510,1,False,JUMP,False,251,147,scale,rbf
505,3510,1,False,SCORE_DIST,False,251,147,scale,rbf
506,3510,25,True,PERCENTILES,False,251,147,scale,rbf
507,6751,4,True,JUMP,True,251,6751,scale,rbf
508,6751,3,True,SCORE_DIST,True,251,6751,scale,rbf
509,6751,25,True,PERCENTILES,True,251,6751,scale,rbf
510,10364,3,True,JUMP,False,251,6751,scale,rbf
511,10364,2,True,SCORE_DIST,False,251,6751,scale,rbf
512,10364,25,True,PERCENTILES,False,251,6751,scale,rbf
513,6751,1,True,JUMP,True,251,6751,scale,rbf
514,6751,1,True,SCORE_DIST,True,251,6751,scale,rbf
515,6751,25,True,PERCENTILES,True,251,6751,scale,rbf
516,757,4,False,JUMP,False,251,6751,scale,rbf
517,757,2,False,SCORE_DIST,False,251,6751,scale,rbf
518,757,25,True,PERCENTILES,False,251,6751,scale,rbf
519,11251,1,False,JUMP,False,251,3112,scale,rbf
520,11251,1,False,SCORE_DIST,False,251,3112,scale,rbf
521,11251,25,False,PERCENTILES,False,251,3112,scale,rbf
522,6751,3,True,JUMP,True,251,6751,scale,rbf
523,6751,2,True,SCORE_DIST,True,251,6751,scale,rbf
524,6751,25,True,PERCENTILES,True,251,6751,scale,rbf
525,3112,1,True,JUMP,True,251,3112,scale,rbf
526,3112,1,True,SCORE_DIST,True,251,3112,scale,rbf
527,3112,25,True,PERCENTILES,True,251,3112,scale,rbf
528,3510,6,True,JUMP,False,251,10364,scale,rbf
529,3510,1,False,SCORE_DIST,False,251,10364,scale,rbf
530,3510,25,True,PERCENTILES,False,251,10364,scale,rbf
531,388,1,False,JUMP,False,251,3112,scale,rbf
532,388,1,False,SCORE_DIST,False,251,3112,scale,rbf
533,388,25,True,PERCENTILES,False,251,3112,scale,rbf
534,4857,1,False,JUMP,False,251,10364,scale,rbf
535,4857,1,False,SCORE_DIST,False,251,10364,scale,rbf
536,4857,25,True,PERCENTILES,False,251,10364,scale,rbf
537,37815,4,False,JUMP,False,251,6751,scale,rbf
538,37815,1,False,SCORE_DIST,False,251,6751,scale,rbf
539,37815,25,False,PERCENTILES,False,251,6751,scale,rbf
540,3510,1,False,JUMP,False,251,10364,scale,rbf
541,3510,1,False,SCORE_DIST,False,251,10364,scale,rbf
542,3510,25,True,PERCENTILES,False,251,10364,scale,rbf
543,3510,1,False,JUMP,False,251,10364,scale,rbf
544,3510,1,False,SCORE_DIST,False,251,10364,scale,rbf
545,3510,25,True,PERCENTILES,False,251,10364,scale,rbf
546,282,1,False,JUMP,False,251,3112,scale,rbf
547,282,1,False,SCORE_DIST,False,251,3112,scale,rbf
548,282,25,True,PERCENTILES,False,251,3112,scale,rbf
549,44692,1,False,JUMP,False,251,10364,scale,rbf
550,44692,2,False,SCORE_DIST,False,251,10364,scale,rbf
551,44692,25,True,PERCENTILES,False,251,10364,scale,rbf
552,3510,4,False,JUMP,False,251,3112,scale,rbf
553,3510,1,False,SCORE_DIST,False,251,3112,scale,rbf
554,3510,25,True,PERCENTILES,False,251,3112,scale,rbf
555,44692,1,False,JUMP,False,251,6751,scale,rbf
556,44692,1,False,SCORE_DIST,False,251,6751,scale,rbf
557,44692,25,True,PERCENTILES,False,251,6751,scale,rbf
558,3082,1,False,JUMP,False,251,10364,scale,rbf
559,3082,1,False,SCORE_DIST,False,251,10364,scale,rbf
560,3082,25,True,PERCENTILES,False,251,10364,scale,rbf
561,98,1,False,JUMP,False,251,6751,scale,rbf
562,98,1,False,SCORE_DIST,False,251,6751,scale,rbf
563,98,25,True,PERCENTILES,False,251,6751,scale,rbf
564,843,1,False,JUMP,False,251,3112,scale,rbf
565,843,1,False,SCORE_DIST,False,251,3112,scale,rbf
566,843,25,False,PERCENTILES,False,251,3112,scale,rbf
567,3002,1,False,JUMP,False,251,6751,scale,rbf
568,3002,1,False,SCORE_DIST,False,251,6751,scale,rbf
569,3002,25,False,PERCENTILES,False,251,6751,scale,rbf
570,77,1,False,JUMP,False,251,3112,scale,rbf
571,77,1,False,SCORE_DIST,False,251,3112,scale,rbf
572,77,25,False,PERCENTILES,False,251,3112,scale,rbf
573,34298,1,False,JUMP,False,251,3112,scale,rbf
574,34298,1,False,SCORE_DIST,False,251,3112,scale,rbf
575,34298,25,True,PERCENTILES,False,251,3112,scale,rbf
576,601,1,False,JUMP,False,251,3510,scale,rbf
577,601,1,False,SCORE_DIST,False,251,3510,scale,rbf
578,601,25,False,PERCENTILES,False,251,3510,scale,rbf
579,388,1,False,JUMP,False,251,44692,scale,rbf
580,388,1,False,SCORE_DIST,False,251,44692,scale,rbf
581,388,25,False,PERCENTILES,False,251,44692,scale,rbf
582,221,1,False,JUMP,False,251,6751,scale,rbf
583,221,1,False,SCORE_DIST,False,251,6751,scale,rbf
584,221,25,False,PERCENTILES,False,251,6751,scale,rbf
585,147,1,False,JUMP,False,251,10364,scale,rbf
586,147,1,False,SCORE_DIST,False,251,10364,scale,rbf
587,147,25,True,PERCENTILES,False,251,10364,scale,rbf
588,3510,2,True,JUMP,True,251,3510,scale,rbf
589,3510,1,True,SCORE_DIST,True,251,3510,scale,rbf
590,3510,25,True,PERCENTILES,True,251,3510,scale,rbf
591,10288,1,False,JUMP,False,251,3112,scale,rbf
592,10288,1,False,SCORE_DIST,False,251,3112,scale,rbf
593,10288,25,True,PERCENTILES,False,251,3112,scale,rbf
594,9153,2,False,JUMP,False,251,3510,scale,rbf
595,9153,2,False,SCORE_DIST,False,251,3510,scale,rbf
596,9153,25,False,PERCENTILES,False,251,3510,scale,rbf
597,3245,1,False,JUMP,False,251,10364,scale,rbf
598,3245,1,False,SCORE_DIST,False,251,10364,scale,rbf
599,3245,25,False,PERCENTILES,False,251,10364,scale,rbf
600,6751,2,True,JUMP,False,251,3112,scale,rbf
601,6751,1,False,SCORE_DIST,False,251,3112,scale,rbf
602,6751,25,True,PERCENTILES,False,251,3112,scale,rbf
603,10364,1,True,JUMP,True,251,10364,scale,rbf
604,10364,1,True,SCORE_DIST,True,251,10364,scale,rbf
605,10364,25,True,PERCENTILES,True,251,10364,scale,rbf
606,3112,2,True,JUMP,False,251,6751,scale,rbf
607,3112,2,True,SCORE_DIST,False,251,6751,scale,rbf
608,3112,25,True,PERCENTILES,False,251,6751,scale,rbf
609,6751,1,True,JUMP,True,251,6751,scale,rbf
610,6751,1,True,SCORE_DIST,True,251,6751,scale,rbf
611,6751,25,True,PERCENTILES,True,251,6751,scale,rbf
612,10364,1,True,JUMP,True,251,10364,scale,rbf
613,10364,1,True,SCORE_DIST,True,251,10364,scale,rbf
614,10364,25,True,PERCENTILES,True,251,10364,scale,rbf
615,3510,1,False,JUMP,False,251,10364,scale,rbf
616,3510,1,False,SCORE_DIST,False,251,10364,scale,rbf
617,3510,25,True,PERCENTILES,False,251,10364,scale,rbf
618,41428,1,False,JUMP,False,251,3112,scale,rbf
619,41428,1,False,SCORE_DIST,False,251,3112,scale,rbf
620,41428,25,True,PERCENTILES,False,251,3112,scale,rbf
621,757,4,False,JUMP,False,251,3112,scale,rbf
622,757,1,False,SCORE_DIST,False,251,3112,scale,rbf
623,757,25,True,PERCENTILES,False,251,3112,scale,rbf
624,10364,1,True,JUMP,True,251,10364,scale,rbf
625,10364,2,True,SCORE_DIST,True,251,10364,scale,rbf
626,10364,25,True,PERCENTILES,True,251,10364,scale,rbf
627,35271,7,False,JUMP,False,251,6751,scale,rbf
628,35271,2,False,SCORE_DIST,False,251,6751,scale,rbf
629,35271,25,False,PERCENTILES,False,251,6751,scale,rbf
630,10364,1,False,JUMP,False,251,3510,scale,rbf
631,10364,1,False,SCORE_DIST,False,251,3510,scale,rbf
632,10364,25,True,PERCENTILES,False,251,3510,scale,rbf
633,4857,3,False,JUMP,False,251,44692,scale,rbf
634,4857,1,False,SCORE_DIST,False,251,44692,scale,rbf
635,4857,25,True,PERCENTILES,False,251,44692,scale,rbf
636,833,4,False,JUMP,False,251,3112,scale,rbf
637,833,1,False,SCORE_DIST,False,251,3112,scale,rbf
638,833,25,False,PERCENTILES,False,251,3112,scale,rbf
639,49281,1,False,JUMP,False,251,3112,scale,rbf
640,49281,1,False,SCORE_DIST,False,251,3112,scale,rbf
641,49281,25,True,PERCENTILES,False,251,3112,scale,rbf
642,6421,1,False,JUMP,False,251,3112,scale,rbf
643,6421,1,False,SCORE_DIST,False,251,3112,scale,rbf
644,6421,25,False,PERCENTILES,False,251,3112,scale,rbf
645,6751,6,True,JUMP,False,251,10364,scale,rbf
646,6751,1,False,SCORE_DIST,False,251,10364,scale,rbf
647,6751,25,True,PERCENTILES,False,251,10364,scale,rbf
648,147,5,False,JUMP,False,251,3112,scale,rbf
649,147,1,False,SCORE_DIST,False,251,3112,scale,rbf
650,147,25,True,PERCENTILES,False,251,3112,scale,rbf
651,20750,1,False,JUMP,False,251,3112,scale,rbf
652,20750,1,False,SCORE_DIST,False,251,3112,scale,rbf
653,20750,25,False,PERCENTILES,False,251,3112,scale,rbf
654,28922,1,False,JUMP,False,251,3112,scale,rbf
655,28922,1,False,SCORE_DIST,False,251,3112,scale,rbf
656,28922,25,False,PERCENTILES,False,251,3112,scale,rbf
657,2630,1,False,JUMP,False,251,3112,scale,rbf
658,2630,1,False,SCORE_DIST,False,251,3112,scale,rbf
659,2630,25,False,PERCENTILES,False,251,3112,scale,rbf
660,3112,1,True,JUMP,True,251,3112,scale,rbf
661,3112,1,True,SCORE_DIST,True,251,3112,scale,rbf
662,3112,25,True,PERCENTILES,True,251,3112,scale,rbf
663,4857,7,False,JUMP,False,251,10364,scale,rbf
664,4857,1,False,SCORE_DIST,False,251,10364,scale,rbf
665,4857,25,True,PERCENTILES,False,251,10364,scale,rbf
666,3510,1,False,JUMP,False,251,3112,scale,rbf
667,3510,1,False,SCORE_DIST,False,251,3112,scale,rbf
668,3510,25,True,PERCENTILES,False,251,3112,scale,rbf
669,48354,3,False,JUMP,False,251,6751,scale,rbf
670,48354,2,False,SCORE_DIST,False,251,6751,scale,rbf
671,48354,25,True,PERCENTILES,False,251,6751,scale,rbf
672,20204,1,False,JUMP,False,251,10364,scale,rbf
673,20204,1,False,SCORE_DIST,False,251,10364,scale,rbf
674,20204,25,True,PERCENTILES,False,251,10364,scale,rbf
675,3312,1,False,JUMP,False,251,3112,scale,rbf
676,3312,1,False,SCORE_DIST,False,251,3112,scale,rbf
677,3312,25,False,PERCENTILES,False,251,3112,scale,rbf
678,3066,4,False,JUMP,False,251,3112,scale,rbf
679,3066,2,False,SCORE_DIST,False,251,3112,scale,rbf
680,3066,25,False,PERCENTILES,False,251,3112,scale,rbf
681,20204,1,False,JUMP,False,251,3112,scale,rbf
682,20204,2,False,SCORE_DIST,False,251,3112,scale,rbf
683,20204,25,True,PERCENTILES,False,251,3112,scale,rbf
684,224,1,False,JUMP,False,251,6751,scale,rbf
685,224,1,False,SCORE_DIST,False,251,6751,scale,rbf
686,224,25,True,PERCENTILES,False,251,6751,scale,rbf
687,18452,1,False,JUMP,False,251,3112,scale,rbf
688,18452,1,False,SCORE_DIST,False,251,3112,scale,rbf
689,18452,25,False,PERCENTILES,False,251,3112,scale,rbf
690,3510,1,True,JUMP,True,251,3510,scale,rbf
691,3510,1,True,SCORE_DIST,True,251,3510,scale,rbf
692,3510,25,True,PERCENTILES,True,251,3510,scale,rbf
693,2390,1,False,JUMP,False,251,4857,scale,rbf
694,2390,1,False,SCORE_DIST,False,251,4857,scale,rbf
695,2390,25,True,PERCENTILES,False,251,4857,scale,rbf
696,6751,4,True,JUMP,True,251,6751,scale,rbf
697,6751,2,True,SCORE_DIST,True,251,6751,scale,rbf
698,6751,25,True,PERCENTILES,True,251,6751,scale,rbf
699,757,4,False,JUMP,False,251,6751,scale,rbf
700,757,3,False,SCORE_DIST,False,251,6751,scale,rbf
701,757,25,True,PERCENTILES,False,251,6751,scale,rbf
702,147,3,False,JUMP,False,251,10364,scale,rbf
703,147,3,False,SCORE_DIST,False,251,10364,scale,rbf
704,147,25,True,PERCENTILES,False,251,10364,scale,rbf
705,98,1,False,JUMP,False,251,6751,scale,rbf
706,98,1,False,SCORE_DIST,False,251,6751,scale,rbf
707,98,25,True,PERCENTILES,False,251,6751,scale,rbf
708,2052,1,False,JUMP,False,251,10364,scale,rbf
709,2052,1,False,SCORE_DIST,False,251,10364,scale,rbf
710,2052,25,False,PERCENTILES,False,251,10364,scale,rbf
711,3510,1,False,JUMP,False,251,3112,scale,rbf
712,3510,1,False,SCORE_DIST,False,251,3112,scale,rbf
713,3510,25,True,PERCENTILES,False,251,3112,scale,rbf
714,4857,1,True,JUMP,True,251,4857,scale,rbf
715,4857,1,True,SCORE_DIST,True,251,4857,scale,rbf
716,4857,25,True,PERCENTILES,True,251,4857,scale,rbf
717,3082,4,False,JUMP,False,251,3112,scale,rbf
718,3082,2,False,SCORE_DIST,False,251,3112,scale,rbf
719,3082,25,True,PERCENTILES,False,251,3112,scale,rbf
720,147,1,False,JUMP,False,251,3112,scale,rbf
721,147,1,False,SCORE_DIST,False,251,3112,scale,rbf
722,147,25,True,PERCENTILES,False,251,3112,scale,rbf
723,14515,1,False,JUMP,False,251,3510,scale,rbf
724,14515,2,False,SCORE_DIST,False,251,3510,scale,rbf
725,14515,25,False,PERCENTILES,False,251,3510,scale,rbf
726,147,8,False,JUMP,False,251,6751,scale,rbf
727,147,2,False,SCORE_DIST,False,251,6751,scale,rbf
728,147,25,True,PERCENTILES,False,251,6751,scale,rbf
729,3112,1,False,JUMP,False,251,3510,scale,rbf
730,3112,1,False,SCORE_DIST,False,251,3510,scale,rbf
731,3112,25,True,PERCENTILES,False,251,3510,scale,rbf
732,20204,4,False,JUMP,False,251,6751,scale,rbf
733,20204,1,False,SCORE_DIST,False,251,6751,scale,rbf
734,20204,25,True,PERCENTILES,False,251,6751,scale,rbf
735,30579,1,False,JUMP,False,251,3112,scale,rbf
736,30579,1,False,SCORE_DIST,False,251,3112,scale,rbf
737,30579,25,True,PERCENTILES,False,251,3112,scale,rbf
738,3510,1,False,JUMP,False,251,3112,scale,rbf
739,3510,1,False,SCORE_DIST,False,251,3112,scale,rbf
740,3510,25,True,PERCENTILES,False,251,3112,scale,rbf
741,17931,1,False,JUMP,False,251,3112,scale,rbf
742,17931,1,False,SCORE_DIST,False,251,3112,scale,rbf
743,17931,25,True,PERCENTILES,False,251,3112,scale,rbf
744,3112,1,True,JUMP,True,251,3112,scale,rbf
745,3112,1,True,SCORE_DIST,True,251,3112,scale,rbf
746,3112,25,True,PERCENTILES,True,251,3112,scale,rbf
747,1999,4,False,JUMP,False,251,3112,scale,rbf
748,1999,2,False,SCORE_DIST,False,251,3112,scale,rbf
749,1999,25,False,PERCENTILES,False,251,3112,scale,rbf
750,4857,1,False,JUMP,False,251,10364,scale,rbf
751,4857,1,False,SCORE_DIST,False,251,10364,scale,rbf
752,4857,25,True,PERCENTILES,False,251,10364,scale,rbf
753,10364,4,True,JUMP,False,251,6751,scale,rbf
754,10364,1,False,SCORE_DIST,False,251,6751,scale,rbf
755,10364,25,True,PERCENTILES,False,251,6751,scale,rbf
756,49281,5,False,JUMP,False,251,6751,scale,rbf
757,49281,1,False,SCORE_DIST,False,251,6751,scale,rbf
758,49281,25,True,PERCENTILES,False,251,6751,scale,rbf
759,257,4,False,JUMP,False,251,10364,scale,rbf
760,257,2,False,SCORE_DIST,False,251,10364,scale,rbf
761,257,25,False,PERCENTILES,False,251,10364,scale,rbf
762,10364,1,False,JUMP,False,251,4857,scale,rbf
763,10364,1,False,SCORE_DIST,False,251,4857,scale,rbf
764,10364,25,True,PERCENTILES,False,251,4857,scale,rbf
765,13449,2,False,JUMP,False,251,3112,scale,rbf
766,13449,1,False,SCORE_DIST,False,251,3112,scale,rbf
767,13449,25,True,PERCENTILES,False,251,3112,scale,rbf
768,10759,5,False,JUMP,False,251,10364,scale,rbf
769,10759,2,False,SCORE_DIST,False,251,10364,scale,rbf
770,10759,25,True,PERCENTILES,False,251,10364,scale,rbf
771,108,1,False,JUMP,False,251,4857,scale,rbf
772,108,1,False,SCORE_DIST,False,251,4857,scale,rbf
773,108,25,False,PERCENTILES,False,251,4857,scale,rbf
774,4857,1,False,JUMP,False,251,3112,scale,rbf
775,4857,1,False,SCORE_DIST,False,251,3112,scale,rbf
776,4857,25,True,PERCENTILES,False,251,3112,scale,rbf
777,28,3,False,JUMP,False,251,6751,scale,rbf
778,28,1,False,SCORE_DIST,False,251,6751,scale,rbf
779,28,25,True,PERCENTILES,False,251,6751,scale,rbf
780,11087,6,False,JUMP,False,251,6751,scale,rbf
781,11087,1,False,SCORE_DIST,False,251,6751,scale,rbf
782,11087,25,False,PERCENTILES,False,251,6751,scale,rbf
783,10364,3,True,JUMP,False,251,6751,scale,rbf
784,10364,1,False,SCORE_DIST,False,251,6751,scale,rbf
785,10364,25,True,PERCENTILES,False,251,6751,scale,rbf
786,3112,1,True,JUMP,True,251,3112,scale,rbf
787,3112,1,True,SCORE_DIST,True,251,3112,scale,rbf
788,3112,25,True,PERCENTILES,True,251,3112,scale,rbf
789,3112,1,True,JUMP,True,251,3112,scale,rbf
790,3112,1,True,SCORE_DIST,True,251,3112,scale,rbf
791,3112,25,True,PERCENTILES,True,251,3112,scale,rbf
792,6751,1,False,JUMP,False,251,3112,scale,rbf
793,6751,1,False,SCORE_DIST,False,251,3112,scale,rbf
794,6751,25,True,PERCENTILES,False,251,3112,scale,rbf
795,44692,4,False,JUMP,False,251,6751,scale,rbf
796,44692,1,False,SCORE_DIST,False,251,6751,scale,rbf
797,44692,25,True,PERCENTILES,False,251,6751,scale,rbf
798,224,4,False,JUMP,False,251,10364,scale,rbf
799,224,2,False,SCORE_DIST,False,251,10364,scale,rbf
800,224,25,True,PERCENTILES,False,251,10364,scale,rbf
801,6751,1,True,JUMP,True,251,6751,scale,rbf
802,6751,1,True,SCORE_DIST,True,251,6751,scale,rbf
803,6751,25,True,PERCENTILES,True,251,6751,scale,rbf
804,3112,1,True,JUMP,True,251,3112,scale,rbf
805,3112,1,True,SCORE_DIST,True,251,3112,scale,rbf
806,3112,25,True,PERCENTILES,True,251,3112,scale,rbf
807,18654,1,False,JUMP,False,251,3112,scale,rbf
808,18654,1,False,SCORE_DIST,False,251,3112,scale,rbf
809,18654,25,False,PERCENTILES,False,251,3112,scale,rbf
810,33515,1,False,JUMP,False,251,6751,scale,rbf
811,33515,1,False,SCORE_DIST,False,251,6751,scale,rbf
812,33515,25,False,PERCENTILES,False,251,6751,scale,rbf
813,147,1,True,JUMP,True,251,147,scale,rbf
814,147,1,True,SCORE_DIST,True,251,147,scale,rbf
815,147,25,True,PERCENTILES,True,251,147,scale,rbf
816,20750,2,False,JUMP,False,251,6751,scale,rbf
817,20750,2,False,SCORE_DIST,False,251,6751,scale,rbf
818,20750,25,False,PERCENTILES,False,251,6751,scale,rbf
819,34298,1,False,JUMP,False,251,3112,scale,rbf
820,34298,1,False,SCORE_DIST,False,251,3112,scale,rbf
821,34298,25,True,PERCENTILES,False,251,3112,scale,rbf
822,79,1,False,JUMP,False,251,3112,scale,rbf
823,79,1,False,SCORE_DIST,False,251,3112,scale,rbf
824,79,25,False,PERCENTILES,False,251,3112,scale,rbf
825,77,4,False,JUMP,False,251,6751,scale,rbf
826,77,1,False,SCORE_DIST,False,251,6751,scale,rbf
827,77,25,False,PERCENTILES,False,251,6751,scale,rbf
828,766,1,False,JUMP,False,251,3112,scale,rbf
829,766,1,False,SCORE_DIST,False,251,3112,scale,rbf
830,766,25,False,PERCENTILES,False,251,3112,scale,rbf
831,22,1,False,JUMP,False,251,3112,scale,rbf
832,22,1,False,SCORE_DIST,False,251,3112,scale,rbf
833,22,25,False,PERCENTILES,False,251,3112,scale,rbf
834,29427,3,False,JUMP,False,251,10364,scale,rbf
835,29427,2,False,SCORE_DIST,False,251,10364,scale,rbf
836,29427,25,False,PERCENTILES,False,251,10364,scale,rbf
837,44692,1,False,JUMP,False,251,4857,scale,rbf
838,44692,1,False,SCORE_DIST,False,251,4857,scale,rbf
839,44692,25,True,PERCENTILES,False,251,4857,scale,rbf
840,3524,1,False,JUMP,False,251,3112,scale,rbf
841,3524,1,False,SCORE_DIST,False,251,3112,scale,rbf
842,3524,25,False,PERCENTILES,False,251,3112,scale,rbf
843,11864,1,False,JUMP,False,251,3112,scale,rbf
844,11864,1,False,SCORE_DIST,False,251,3112,scale,rbf
845,11864,25,False,PERCENTILES,False,251,3112,scale,rbf
846,3096,1,False,JUMP,False,251,10364,scale,rbf
847,3096,1,False,SCORE_DIST,False,251,10364,scale,rbf
848,3096,25,True,PERCENTILES,False,251,10364,scale,rbf
849,843,4,False,JUMP,False,251,3112,scale,rbf
850,843,2,False,SCORE_DIST,False,251,3112,scale,rbf
851,843,25,False,PERCENTILES,False,251,3112,scale,rbf
852,514,2,False,JUMP,False,251,6751,scale,rbf
853,514,2,False,SCORE_DIST,False,251,6751,scale,rbf
854,514,25,False,PERCENTILES,False,251,6751,scale,rbf
855,224,1,False,JUMP,False,251,3112,scale,rbf
856,224,1,False,SCORE_DIST,False,251,3112,scale,rbf
857,224,25,True,PERCENTILES,False,251,3112,scale,rbf
858,48354,4,False,JUMP,False,251,10364,scale,rbf
859,48354,2,False,SCORE_DIST,False,251,10364,scale,rbf
860,48354,25,True,PERCENTILES,False,251,10364,scale,rbf
861,49281,3,False,JUMP,False,251,10364,scale,rbf
862,49281,1,False,SCORE_DIST,False,251,10364,scale,rbf
863,49281,25,True,PERCENTILES,False,251,10364,scale,rbf
864,10293,1,False,JUMP,False,251,3112,scale,rbf
865,10293,1,False,SCORE_DIST,False,251,3112,scale,rbf
866,10293,25,True,PERCENTILES,False,251,3112,scale,rbf
867,98,4,False,JUMP,False,251,6751,scale,rbf
868,98,1,False,SCORE_DIST,False,251,6751,scale,rbf
869,98,25,True,PERCENTILES,False,251,6751,scale,rbf
870,98,7,True,JUMP,False,251,6751,scale,rbf
871,98,1,False,SCORE_DIST,False,251,6751,scale,rbf
872,98,25,True,PERCENTILES,False,251,6751,scale,rbf
873,757,1,False,JUMP,False,251,3112,scale,rbf
874,757,1,False,SCORE_DIST,False,251,3112,scale,rbf
875,757,25,True,PERCENTILES,False,251,3112,scale,rbf
876,224,3,False,JUMP,False,251,6751,scale,rbf
877,224,1,False,SCORE_DIST,False,251,6751,scale,rbf
878,224,25,True,PERCENTILES,False,251,6751,scale,rbf
879,5222,1,False,JUMP,False,251,3112,scale,rbf
880,5222,1,False,SCORE_DIST,False,251,3112,scale,rbf
881,5222,25,False,PERCENTILES,False,251,3112,scale,rbf
882,3510,2,False,JUMP,False,251,6751,scale,rbf
883,3510,3,False,SCORE_DIST,False,251,6751,scale,rbf
884,3510,25,True,PERCENTILES,False,251,6751,scale,rbf
885,458,1,False,JUMP,False,251,3112,scale,rbf
886,458,1,False,SCORE_DIST,False,251,3112,scale,rbf
887,458,25,False,PERCENTILES,False,251,3112,scale,rbf
888,4857,1,True,JUMP,True,251,4857,scale,rbf
889,4857,1,True,SCORE_DIST,True,251,4857,scale,rbf
890,4857,25,True,PERCENTILES,True,251,4857,scale,rbf
891,3510,1,True,JUMP,True,251,3510,scale,rbf
892,3510,1,True,SCORE_DIST,True,251,3510,scale,rbf
893,3510,25,True,PERCENTILES,True,251,3510,scale,rbf
894,3096,1,False,JUMP,False,251,10364,scale,rbf
895,3096,1,False,SCORE_DIST,False,251,10364,scale,rbf
896,3096,25,True,PERCENTILES,False,251,10364,scale,rbf
897,147,1,True,JUMP,True,251,147,scale,rbf
898,147,1,True,SCORE_DIST,True,251,147,scale,rbf
899,147,25,True,PERCENTILES,True,251,147,scale,rbf
900,44692,1,False,JUMP,False,251,10364,scale,rbf
901,44692,2,False,SCORE_DIST,False,251,10364,scale,rbf
902,44692,25,True,PERCENTILES,False,251,10364,scale,rbf
903,98,1,False,JUMP,False,251,10364,scale,rbf
904,98,1,False,SCORE_DIST,False,251,10364,scale,rbf
905,98,25,True,PERCENTILES,False,251,10364,scale,rbf
906,10364,1,True,JUMP,True,251,10364,scale,rbf
907,10364,1,True,SCORE_DIST,True,251,10364,scale,rbf
908,10364,25,True,PERCENTILES,True,251,10364,scale,rbf
909,44692,1,True,JUMP,True,251,44692,scale,rbf
910,44692,1,True,SCORE_DIST,True,251,44692,scale,rbf
911,44692,25,True,PERCENTILES,True,251,44692,scale,rbf
912,10364,1,False,JUMP,False,251,4857,scale,rbf
913,10364,1,False,SCORE_DIST,False,251,4857,scale,rbf
914,10364,25,True,PERCENTILES,False,251,4857,scale,rbf
915,6702,6,False,JUMP,False,251,6751,scale,rbf
916,6702,1,False,SCORE_DIST,False,251,6751,scale,rbf
917,6702,25,False,PERCENTILES,False,251,6751,scale,rbf
918,147,1,False,JUMP,False,251,3112,scale,rbf
919,147,1,False,SCORE_DIST,False,251,3112,scale,rbf
920,147,25,True,PERCENTILES,False,251,3112,scale,rbf
921,10364,2,True,JUMP,False,251,3510,scale,rbf
922,10364,1,False,SCORE_DIST,False,251,3510,scale,rbf
923,10364,25,True,PERCENTILES,False,251,3510,scale,rbf
924,35633,1,False,JUMP,False,251,10364,scale,rbf
925,35633,1,False,SCORE_DIST,False,251,10364,scale,rbf
926,35633,25,False,PERCENTILES,False,251,10364,scale,rbf
927,4857,1,False,JUMP,False,251,44692,scale,rbf
928,4857,2,True,SCORE_DIST,False,251,44692,scale,rbf
929,4857,25,True,PERCENTILES,False,251,44692,scale,rbf
930,6751,1,True,JUMP,True,251,6751,scale,rbf
931,6751,1,True,SCORE_DIST,True,251,6751,scale,rbf
932,6751,25,True,PERCENTILES,True,251,6751,scale,rbf
933,7066,1,False,JUMP,False,251,3112,scale,rbf
934,7066,1,False,SCORE_DIST,False,251,3112,scale,rbf
935,7066,25,True,PERCENTILES,False,251,3112,scale,rbf
936,2210,4,False,JUMP,False,251,10364,scale,rbf
937,2210,1,False,SCORE_DIST,False,251,10364,scale,rbf
938,2210,25,False,PERCENTILES,False,251,10364,scale,rbf
939,17931,1,False,JUMP,False,251,3112,scale,rbf
940,17931,1,False,SCORE_DIST,False,251,3112,scale,rbf
941,17931,25,True,PERCENTILES,False,251,3112,scale,rbf
942,3112,1,True,JUMP,True,251,3112,scale,rbf
943,3112,1,True,SCORE_DIST,True,251,3112,scale,rbf
944,3112,25,True,PERCENTILES,True,251,3112,scale,rbf
945,13449,1,False,JUMP,False,251,3112,scale,rbf
946,13449,1,False,SCORE_DIST,False,251,3112,scale,rbf
947,13449,25,True,PERCENTILES,False,251,3112,scale,rbf
948,20204,1,False,JUMP,False,251,6751,scale,rbf
949,20204,1,False,SCORE_DIST,False,251,6751,scale,rbf
950,20204,25,True,PERCENTILES,False,251,6751,scale,rbf
951,447,4,False,JUMP,False,251,10364,scale,rbf
952,447,2,False,SCORE_DIST,False,251,10364,scale,rbf
953,447,25,True,PERCENTILES,False,251,10364,scale,rbf
954,19975,1,False,JUMP,False,251,3112,scale,rbf
955,19975,1,False,SCORE_DIST,False,251,3112,scale,rbf
956,19975,25,False,PERCENTILES,False,251,3112,scale,rbf
957,25864,1,False,JUMP,False,251,3112,scale,rbf
958,25864,1,False,SCORE_DIST,False,251,3112,scale,rbf
959,25864,25,False,PERCENTILES,False,251,3112,scale,rbf
960,10293,1,False,JUMP,False,251,3112,scale,rbf
961,10293,1,False,SCORE_DIST,False,251,3112,scale,rbf
962,10293,25,True,PERCENTILES,False,251,3112,scale,rbf
963,7066,1,False,JUMP,False,251,3112,scale,rbf
964,7066,1,False,SCORE_DIST,False,251,3112,scale,rbf
965,7066,25,True,PERCENTILES,False,251,3112,scale,rbf
966,3112,4,True,JUMP,False,251,10364,scale,rbf
967,3112,1,False,SCORE_DIST,False,251,10364,scale,rbf
968,3112,25,True,PERCENTILES,False,251,10364,scale,rbf
969,6751,6,True,JUMP,True,251,6751,scale,rbf
970,6751,1,True,SCORE_DIST,True,251,6751,scale,rbf
971,6751,25,True,PERCENTILES,True,251,6751,scale,rbf
972,2390,2,False,JUMP,False,251,44692,scale,rbf
973,2390,2,False,SCORE_DIST,False,251,44692,scale,rbf
974,2390,25,True,PERCENTILES,False,251,44692,scale,rbf
975,44692,1,False,JUMP,False,251,10364,scale,rbf
976,44692,1,False,SCORE_DIST,False,251,10364,scale,rbf
977,44692,25,True,PERCENTILES,False,251,10364,scale,rbf
978,447,1,False,JUMP,False,251,10364,scale,rbf
979,447,1,False,SCORE_DIST,False,251,10364,scale,rbf
980,447,25,True,PERCENTILES,False,251,10364,scale,rbf
981,757,2,False,JUMP,False,251,6751,scale,rbf
982,757,3,False,SCORE_DIST,False,251,6751,scale,rbf
983,757,25,True,PERCENTILES,False,251,6751,scale,rbf
984,3202,2,True,JUMP,False,251,6751,scale,rbf
985,3202,1,False,SCORE_DIST,False,251,6751,scale,rbf
986,3202,25,True,PERCENTILES,False,251,6751,scale,rbf
987,11864,6,False,JUMP,False,251,10364,scale,rbf
988,11864,2,False,SCORE_DIST,False,251,10364,scale,rbf
989,11864,25,False,PERCENTILES,False,251,10364,scale,rbf
990,41428,2,False,JUMP,False,251,3112,scale,rbf
991,41428,2,False,SCORE_DIST,False,251,3112,scale,rbf
992,41428,25,True,PERCENTILES,False,251,3112,scale,rbf
993,9029,4,False,JUMP,False,251,3002,scale,rbf
994,9029,3,False,SCORE_DIST,False,251,3002,scale,rbf
995,9029,25,False,PERCENTILES,False,251,3002,scale,rbf
996,40067,4,False,JUMP,False,251,3112,scale,rbf
997,40067,3,False,SCORE_DIST,False,251,3112,scale,rbf
998,40067,25,False,PERCENTILES,False,251,3112,scale,rbf
999,108,3,False,JUMP,False,251,10364,scale,rbf
1000,108,3,False,SCORE_DIST,False,251,10364,scale,rbf
1001,108,25,False,PERCENTILES,False,251,10364,scale,rbf
1002,11864,4,False,JUMP,False,251,44692,scale,rbf
1003,11864,4,False,SCORE_DIST,False,251,44692,scale,rbf
1004,11864,25,False,PERCENTILES,False,251,44692,scale,rbf
1005,28,1,False,JUMP,False,251,10364,scale,rbf
1006,28,1,False,SCORE_DIST,False,251,10364,scale,rbf
1007,28,25,True,PERCENTILES,False,251,10364,scale,rbf
1008,6751,1,True,JUMP,True,251,6751,scale,rbf
1009,6751,1,True,SCORE_DIST,True,251,6751,scale,rbf
1010,6751,25,True,PERCENTILES,True,251,6751,scale,rbf
1011,3112,1,False,JUMP,False,251,3510,scale,rbf
1012,3112,1,False,SCORE_DIST,False,251,3510,scale,rbf
1013,3112,25,True,PERCENTILES,False,251,3510,scale,rbf
1014,3235,4,False,JUMP,False,251,3112,scale,rbf
1015,3235,1,False,SCORE_DIST,False,251,3112,scale,rbf
1016,3235,25,False,PERCENTILES,False,251,3112,scale,rbf
1017,7312,1,False,JUMP,False,251,10364,scale,rbf
1018,7312,1,False,SCORE_DIST,False,251,10364,scale,rbf
1019,7312,25,False,PERCENTILES,False,251,10364,scale,rbf
1020,757,2,False,JUMP,False,251,3510,scale,rbf
1021,757,1,False,SCORE_DIST,False,251,3510,scale,rbf
1022,757,25,False,PERCENTILES,False,251,3510,scale,rbf
1023,3112,1,True,JUMP,True,251,3112,scale,rbf
1024,3112,1,True,SCORE_DIST,True,251,3112,scale,rbf
1025,3112,25,True,PERCENTILES,True,251,3112,scale,rbf
1026,3202,1,False,JUMP,False,251,3112,scale,rbf
1027,3202,1,False,SCORE_DIST,False,251,3112,scale,rbf
1028,3202,25,True,PERCENTILES,False,251,3112,scale,rbf
1029,20750,1,False,JUMP,False,251,6751,scale,rbf
1030,20750,1,False,SCORE_DIST,False,251,6751,scale,rbf
1031,20750,25,False,PERCENTILES,False,251,6751,scale,rbf
1032,44692,1,False,JUMP,False,251,3112,scale,rbf
1033,44692,1,False,SCORE_DIST,False,251,3112,scale,rbf
1034,44692,25,False,PERCENTILES,False,251,3112,scale,rbf
1035,48354,3,False,JUMP,False,251,3112,scale,rbf
1036,48354,1,False,SCORE_DIST,False,251,3112,scale,rbf
1037,48354,25,True,PERCENTILES,False,251,3112,scale,rbf
1038,6751,1,False,JUMP,False,251,4857,scale,rbf
1039,6751,1,False,SCORE_DIST,False,251,4857,scale,rbf
1040,6751,25,True,PERCENTILES,False,251,4857,scale,rbf
1041,44692,1,False,JUMP,False,251,4857,scale,rbf
1042,44692,1,False,SCORE_DIST,False,251,4857,scale,rbf
1043,44692,25,True,PERCENTILES,False,251,4857,scale,rbf
1044,10364,1,False,JUMP,False,251,3112,scale,rbf
1045,10364,1,False,SCORE_DIST,False,251,3112,scale,rbf
1046,10364,25,True,PERCENTILES,False,251,3112,scale,rbf
1047,29870,1,False,JUMP,False,251,3112,scale,rbf
1048,29870,1,False,SCORE_DIST,False,251,3112,scale,rbf
1049,29870,25,True,PERCENTILES,False,251,3112,scale,rbf
1050,3202,4,True,JUMP,False,251,6751,scale,rbf
1051,3202,1,False,SCORE_DIST,False,251,6751,scale,rbf
1052,3202,25,True,PERCENTILES,False,251,6751,scale,rbf
1053,24960,1,False,JUMP,False,251,3112,scale,rbf
1054,24960,1,False,SCORE_DIST,False,251,3112,scale,rbf
1055,24960,25,False,PERCENTILES,False,251,3112,scale,rbf
1056,3510,3,False,JUMP,False,251,44692,scale,rbf
1057,3510,2,False,SCORE_DIST,False,251,44692,scale,rbf
1058,3510,25,True,PERCENTILES,False,251,44692,scale,rbf
1059,26776,1,False,JUMP,False,251,10364,scale,rbf
1060,26776,1,False,SCORE_DIST,False,251,10364,scale,rbf
1061,26776,25,False,PERCENTILES,False,251,10364,scale,rbf
1062,18048,1,False,JUMP,False,251,3510,scale,rbf
1063,18048,2,False,SCORE_DIST,False,251,3510,scale,rbf
1064,18048,25,False,PERCENTILES,False,251,3510,scale,rbf
1065,10364,1,False,JUMP,False,251,3112,scale,rbf
1066,10364,1,False,SCORE_DIST,False,251,3112,scale,rbf
1067,10364,25,True,PERCENTILES,False,251,3112,scale,rbf
1068,3112,1,False,JUMP,False,251,10364,scale,rbf
1069,3112,1,False,SCORE_DIST,False,251,10364,scale,rbf
1070,3112,25,True,PERCENTILES,False,251,10364,scale,rbf
1071,9186,1,False,JUMP,False,251,6751,scale,rbf
1072,9186,1,False,SCORE_DIST,False,251,6751,scale,rbf
1073,9186,25,False,PERCENTILES,False,251,6751,scale,rbf
1074,3112,1,True,JUMP,True,251,3112,scale,rbf
1075,3112,1,True,SCORE_DIST,True,251,3112,scale,rbf
1076,3112,25,True,PERCENTILES,True,251,3112,scale,rbf
1077,3510,1,False,JUMP,False,251,10364,scale,rbf
1078,3510,1,False,SCORE_DIST,False,251,10364,scale,rbf
1079,3510,25,True,PERCENTILES,False,251,10364,scale,rbf
1080,4857,7,True,JUMP,False,251,10364,scale,rbf
1081,4857,2,False,SCORE_DIST,False,251,10364,scale,rbf
1082,4857,25,True,PERCENTILES,False,251,10364,scale,rbf
1083,10364,1,True,JUMP,True,251,10364,scale,rbf
1084,10364,1,True,SCORE_DIST,True,251,10364,scale,rbf
1085,10364,25,True,PERCENTILES,True,251,10364,scale,rbf
1086,17931,1,False,JUMP,False,251,3112,scale,rbf
1087,17931,1,False,SCORE_DIST,False,251,3112,scale,rbf
1088,17931,25,True,PERCENTILES,False,251,3112,scale,rbf
1089,2029,1,False,JUMP,False,251,3112,scale,rbf
1090,2029,1,False,SCORE_DIST,False,251,3112,scale,rbf
1091,2029,25,False,PERCENTILES,False,251,3112,scale,rbf
1092,10293,1,False,JUMP,False,251,3112,scale,rbf
1093,10293,1,False,SCORE_DIST,False,251,3112,scale,rbf
1094,10293,25,True,PERCENTILES,False,251,3112,scale,rbf
1095,32538,1,False,JUMP,False,251,3510,scale,rbf
1096,32538,2,False,SCORE_DIST,False,251,3510,scale,rbf
1097,32538,25,False,PERCENTILES,False,251,3510,scale,rbf
1098,8342,1,False,JUMP,False,251,3112,scale,rbf
1099,8342,1,False,SCORE_DIST,False,251,3112,scale,rbf
1100,8342,25,False,PERCENTILES,False,251,3112,scale,rbf
1101,2210,7,False,JUMP,False,251,13449,scale,rbf
1102,2210,2,False,SCORE_DIST,False,251,13449,scale,rbf
1103,2210,25,False,PERCENTILES,False,251,13449,scale,rbf
1104,17931,1,False,JUMP,False,251,3112,scale,rbf
1105,17931,1,False,SCORE_DIST,False,251,3112,scale,rbf
1106,17931,25,False,PERCENTILES,False,251,3112,scale,rbf
1107,6751,1,False,JUMP,False,251,3112,scale,rbf
1108,6751,1,False,SCORE_DIST,False,251,3112,scale,rbf
1109,6751,25,True,PERCENTILES,False,251,3112,scale,rbf
1110,833,2,False,JUMP,False,251,6751,scale,rbf
1111,833,1,False,SCORE_DIST,False,251,6751,scale,rbf
1112,833,25,False,PERCENTILES,False,251,6751,scale,rbf
1113,3066,4,False,JUMP,False,251,10364,scale,rbf
1114,3066,3,False,SCORE_DIST,False,251,10364,scale,rbf
1115,3066,25,False,PERCENTILES,False,251,10364,scale,rbf
1116,20204,4,False,JUMP,False,251,6751,scale,rbf
1117,20204,1,False,SCORE_DIST,False,251,6751,scale,rbf
1118,20204,25,True,PERCENTILES,False,251,6751,scale,rbf
1119,10364,4,True,JUMP,False,251,3112,scale,rbf
1120,10364,1,False,SCORE_DIST,False,251,3112,scale,rbf
1121,10364,25,True,PERCENTILES,False,251,3112,scale,rbf
1122,2029,1,False,JUMP,False,251,3112,scale,rbf
1123,2029,1,False,SCORE_DIST,False,251,3112,scale,rbf
1124,2029,25,False,PERCENTILES,False,251,3112,scale,rbf
1125,147,1,False,JUMP,False,251,3112,scale,rbf
1126,147,1,False,SCORE_DIST,False,251,3112,scale,rbf
1127,147,25,True,PERCENTILES,False,251,3112,scale,rbf
1128,34298,1,True,JUMP,True,251,34298,scale,rbf
1129,34298,2,True,SCORE_DIST,True,251,34298,scale,rbf
1130,34298,25,True,PERCENTILES,True,251,34298,scale,rbf
1131,223,1,False,JUMP,False,251,10364,scale,rbf
1132,223,1,False,SCORE_DIST,False,251,10364,scale,rbf
1133,223,25,False,PERCENTILES,False,251,10364,scale,rbf
1134,6421,1,False,JUMP,False,251,3112,scale,rbf
1135,6421,1,False,SCORE_DIST,False,251,3112,scale,rbf
1136,6421,25,True,PERCENTILES,False,251,3112,scale,rbf
1137,3202,1,False,JUMP,False,251,3112,scale,rbf
1138,3202,2,False,SCORE_DIST,False,251,3112,scale,rbf
1139,3202,25,True,PERCENTILES,False,251,3112,scale,rbf
1140,282,2,False,JUMP,False,251,3112,scale,rbf
1141,282,1,False,SCORE_DIST,False,251,3112,scale,rbf
1142,282,25,False,PERCENTILES,False,251,3112,scale,rbf
1143,10759,2,False,JUMP,False,251,3112,scale,rbf
1144,10759,1,False,SCORE_DIST,False,251,3112,scale,rbf
1145,10759,25,True,PERCENTILES,False,251,3112,scale,rbf
1146,7312,1,False,JUMP,False,251,3510,scale,rbf
1147,7312,2,False,SCORE_DIST,False,251,3510,scale,rbf
1148,7312,25,False,PERCENTILES,False,251,3510,scale,rbf
1149,10759,1,False,JUMP,False,251,6751,scale,rbf
1150,10759,1,False,SCORE_DIST,False,251,6751,scale,rbf
1151,10759,25,True,PERCENTILES,False,251,6751,scale,rbf
1152,6751,1,False,JUMP,False,251,3112,scale,rbf
1153,6751,1,False,SCORE_DIST,False,251,3112,scale,rbf
1154,6751,25,True,PERCENTILES,False,251,3112,scale,rbf
1155,98,4,False,JUMP,False,251,3112,scale,rbf
1156,98,2,False,SCORE_DIST,False,251,3112,scale,rbf
1157,98,25,True,PERCENTILES,False,251,3112,scale,rbf
1158,3510,1,False,JUMP,False,251,3112,scale,rbf
1159,3510,1,False,SCORE_DIST,False,251,3112,scale,rbf
1160,3510,25,True,PERCENTILES,False,251,3112,scale,rbf
1161,147,2,False,JUMP,False,251,3112,scale,rbf
1162,147,2,False,SCORE_DIST,False,251,3112,scale,rbf
1163,147,25,True,PERCENTILES,False,251,3112,scale,rbf
1164,3510,1,True,JUMP,True,251,3510,scale,rbf
1165,3510,1,True,SCORE_DIST,True,251,3510,scale,rbf
1166,3510,25,True,PERCENTILES,True,251,3510,scale,rbf
1167,19644,1,False,JUMP,False,251,6751,scale,rbf
1168,19644,1,False,SCORE_DIST,False,251,6751,scale,rbf
1169,19644,25,False,PERCENTILES,False,251,6751,scale,rbf
1170,10155,1,False,JUMP,False,251,4857,scale,rbf
1171,10155,1,False,SCORE_DIST,False,251,4857,scale,rbf
1172,10155,25,False,PERCENTILES,False,251,4857,scale,rbf
1173,3510,2,True,JUMP,False,251,3112,scale,rbf
1174,3510,2,True,SCORE_DIST,False,251,3112,scale,rbf
1175,3510,25,True,PERCENTILES,False,251,3112,scale,rbf
1176,13449,1,False,JUMP,False,251,10364,scale,rbf
1177,13449,1,False,SCORE_DIST,False,251,10364,scale,rbf
1178,13449,25,True,PERCENTILES,False,251,10364,scale,rbf
1179,605,1,False,JUMP,False,251,10364,scale,rbf
1180,605,1,False,SCORE_DIST,False,251,10364,scale,rbf
1181,605,25,False,PERCENTILES,False,251,10364,scale,rbf
1182,13449,1,False,JUMP,False,251,3112,scale,rbf
1183,13449,1,False,SCORE_DIST,False,251,3112,scale,rbf
1184,13449,25,True,PERCENTILES,False,251,3112,scale,rbf
1185,3510,2,True,JUMP,True,251,3510,scale,rbf
1186,3510,1,True,SCORE_DIST,True,251,3510,scale,rbf
1187,3510,25,True,PERCENTILES,True,251,3510,scale,rbf
1188,32538,1,False,JUMP,False,251,3112,scale,rbf
1189,32538,2,False,SCORE_DIST,False,251,3112,scale,rbf
1190,32538,25,False,PERCENTILES,False,251,3112,scale,rbf
1191,2029,1,False,JUMP,False,251,6751,scale,rbf
1192,2029,1,False,SCORE_DIST,False,251,6751,scale,rbf
1193,2029,25,False,PERCENTILES,False,251,6751,scale,rbf
1194,29870,2,False,JUMP,False,251,6751,scale,rbf
1195,29870,2,False,SCORE_DIST,False,251,6751,scale,rbf
1196,29870,25,True,PERCENTILES,False,251,6751,scale,rbf
1197,48354,4,False,JUMP,False,251,10364,scale,rbf
1198,48354,1,False,SCORE_DIST,False,251,10364,scale,rbf
1199,48354,25,True,PERCENTILES,False,251,10364,scale,rbf
1200,2229,1,False,JUMP,False,251,6751,scale,rbf
1201,2229,1,False,SCORE_DIST,False,251,6751,scale,rbf
1202,2229,25,False,PERCENTILES,False,251,6751,scale,rbf
1203,13449,1,False,JUMP,False,251,3112,scale,rbf
1204,13449,1,False,SCORE_DIST,False,251,3112,scale,rbf
1205,13449,25,True,PERCENTILES,False,251,3112,scale,rbf
1206,3082,1,False,JUMP,False,251,10364,scale,rbf
1207,3082,1,False,SCORE_DIST,False,251,10364,scale,rbf
1208,3082,25,True,PERCENTILES,False,251,10364,scale,rbf
1209,9153,4,False,JUMP,False,251,10364,scale,rbf
1210,9153,2,False,SCORE_DIST,False,251,10364,scale,rbf
1211,9153,25,False,PERCENTILES,False,251,10364,scale,rbf
1212,3202,1,False,JUMP,False,251,6751,scale,rbf
1213,3202,1,False,SCORE_DIST,False,251,6751,scale,rbf
1214,3202,25,True,PERCENTILES,False,251,6751,scale,rbf
1215,3131,1,False,JUMP,False,251,3112,scale,rbf
1216,3131,1,False,SCORE_DIST,False,251,3112,scale,rbf
1217,3131,25,False,PERCENTILES,False,251,3112,scale,rbf
1218,6751,1,False,JUMP,False,251,3112,scale,rbf
1219,6751,1,False,SCORE_DIST,False,251,3112,scale,rbf
1220,6751,25,True,PERCENTILES,False,251,3112,scale,rbf
1221,3131,1,False,JUMP,False,251,6751,scale,rbf
1222,3131,1,False,SCORE_DIST,False,251,6751,scale,rbf
1223,3131,25,False,PERCENTILES,False,251,6751,scale,rbf
1224,10759,1,False,JUMP,False,251,3112,scale,rbf
1225,10759,1,False,SCORE_DIST,False,251,3112,scale,rbf
1226,10759,25,True,PERCENTILES,False,251,3112,scale,rbf
1227,3202,1,False,JUMP,False,251,10364,scale,rbf
1228,3202,1,False,SCORE_DIST,False,251,10364,scale,rbf
1229,3202,25,True,PERCENTILES,False,251,10364,scale,rbf
1230,3510,1,False,JUMP,False,251,6751,scale,rbf
1231,3510,1,False,SCORE_DIST,False,251,6751,scale,rbf
1232,3510,25,True,PERCENTILES,False,251,6751,scale,rbf
1233,18048,2,False,JUMP,False,251,3112,scale,rbf
1234,18048,1,False,SCORE_DIST,False,251,3112,scale,rbf
1235,18048,25,False,PERCENTILES,False,251,3112,scale,rbf
1236,44692,1,False,JUMP,False,251,10364,scale,rbf
1237,44692,1,False,SCORE_DIST,False,251,10364,scale,rbf
1238,44692,25,True,PERCENTILES,False,251,10364,scale,rbf
1239,2358,2,False,JUMP,False,251,3112,scale,rbf
1240,2358,2,False,SCORE_DIST,False,251,3112,scale,rbf
1241,2358,25,False,PERCENTILES,False,251,3112,scale,rbf
1242,5000,1,False,JUMP,False,251,3112,scale,rbf
1243,5000,1,False,SCORE_DIST,False,251,3112,scale,rbf
1244,5000,25,False,PERCENTILES,False,251,3112,scale,rbf
1245,20204,1,False,JUMP,False,251,3112,scale,rbf
1246,20204,1,False,SCORE_DIST,False,251,3112,scale,rbf
1247,20204,25,True,PERCENTILES,False,251,3112,scale,rbf
1248,147,1,False,JUMP,False,251,3112,scale,rbf
1249,147,1,False,SCORE_DIST,False,251,3112,scale,rbf
1250,147,25,True,PERCENTILES,False,251,3112,scale,rbf
1251,891,1,False,JUMP,False,251,10364,scale,rbf
1252,891,1,False,SCORE_DIST,False,251,10364,scale,rbf
1253,891,25,False,PERCENTILES,False,251,10364,scale,rbf
1254,221,1,False,JUMP,False,251,6751,scale,rbf
1255,221,1,False,SCORE_DIST,False,251,6751,scale,rbf
1256,221,25,False,PERCENTILES,False,251,6751,scale,rbf
1257,3202,1,False,JUMP,False,251,6751,scale,rbf
1258,3202,1,False,SCORE_DIST,False,251,6751,scale,rbf
1259,3202,25,True,PERCENTILES,False,251,6751,scale,rbf
1260,6751,1,False,JUMP,False,251,10364,scale,rbf
1261,6751,1,False,SCORE_DIST,False,251,10364,scale,rbf
1262,6751,25,True,PERCENTILES,False,251,10364,scale,rbf
1263,16636,1,False,JUMP,False,251,3112,scale,rbf
1264,16636,1,False,SCORE_DIST,False,251,3112,scale,rbf
1265,16636,25,False,PERCENTILES,False,251,3112,scale,rbf
1266,1985,1,False,JUMP,False,251,3112,scale,rbf
1267,1985,1,False,SCORE_DIST,False,251,3112,scale,rbf
1268,1985,25,True,PERCENTILES,False,251,3112,scale,rbf
1269,3131,2,False,JUMP,False,251,3112,scale,rbf
1270,3131,1,False,SCORE_DIST,False,251,3112,scale,rbf
1271,3131,25,False,PERCENTILES,False,251,3112,scale,rbf
1272,4857,8,True,JUMP,False,251,6751,scale,rbf
1273,4857,1,False,SCORE_DIST,False,251,6751,scale,rbf
1274,4857,25,True,PERCENTILES,False,251,6751,scale,rbf
1275,28,5,False,JUMP,False,251,3112,scale,rbf
1276,28,1,False,SCORE_DIST,False,251,3112,scale,rbf
1277,28,25,True,PERCENTILES,False,251,3112,scale,rbf
1278,14515,4,False,JUMP,False,251,3112,scale,rbf
1279,14515,3,False,SCORE_DIST,False,251,3112,scale,rbf
1280,14515,25,False,PERCENTILES,False,251,3112,scale,rbf
1281,757,1,False,JUMP,False,251,3112,scale,rbf
1282,757,1,False,SCORE_DIST,False,251,3112,scale,rbf
1283,757,25,True,PERCENTILES,False,251,3112,scale,rbf
1284,4857,1,True,JUMP,True,251,4857,scale,rbf
1285,4857,2,True,SCORE_DIST,True,251,4857,scale,rbf
1286,4857,25,True,PERCENTILES,True,251,4857,scale,rbf
1287,3202,7,True,JUMP,False,251,6751,scale,rbf
1288,3202,1,False,SCORE_DIST,False,251,6751,scale,rbf
1289,3202,25,True,PERCENTILES,False,251,6751,scale,rbf
1290,601,2,False,JUMP,False,251,3112,scale,rbf
1291,601,2,False,SCORE_DIST,False,251,3112,scale,rbf
1292,601,25,False,PERCENTILES,False,251,3112,scale,rbf
1293,3112,4,True,JUMP,False,251,6751,scale,rbf
1294,3112,1,False,SCORE_DIST,False,251,6751,scale,rbf
1295,3112,25,True,PERCENTILES,False,251,6751,scale,rbf
1296,3510,1,False,JUMP,False,251,3112,scale,rbf
1297,3510,1,False,SCORE_DIST,False,251,3112,scale,rbf
1298,3510,25,True,PERCENTILES,False,251,3112,scale,rbf
1299,44692,4,False,JUMP,False,251,3112,scale,rbf
1300,44692,1,False,SCORE_DIST,False,251,3112,scale,rbf
1301,44692,25,True,PERCENTILES,False,251,3112,scale,rbf
1302,33515,2,False,JUMP,False,251,6751,scale,rbf
1303,33515,1,False,SCORE_DIST,False,251,6751,scale,rbf
1304,33515,25,False,PERCENTILES,False,251,6751,scale,rbf
1305,10364,1,False,JUMP,False,251,4857,scale,rbf
1306,10364,2,False,SCORE_DIST,False,251,4857,scale,rbf
1307,10364,25,True,PERCENTILES,False,251,4857,scale,rbf
1308,10364,4,True,JUMP,False,251,6751,scale,rbf
1309,10364,3,True,SCORE_DIST,False,251,6751,scale,rbf
1310,10364,25,True,PERCENTILES,False,251,6751,scale,rbf
1311,147,1,False,JUMP,False,251,3112,scale,rbf
1312,147,1,False,SCORE_DIST,False,251,3112,scale,rbf
1313,147,25,True,PERCENTILES,False,251,3112,scale,rbf
1314,48354,1,False,JUMP,False,251,3112,scale,rbf
1315,48354,1,False,SCORE_DIST,False,251,3112,scale,rbf
1316,48354,25,True,PERCENTILES,False,251,3112,scale,rbf
1317,301,2,False,JUMP,False,251,10364,scale,rbf
1318,301,3,False,SCORE_DIST,False,251,10364,scale,rbf
1319,301,25,False,PERCENTILES,False,251,10364,scale,rbf
1320,10364,2,False,JUMP,False,251,3510,scale,rbf
1321,10364,1,False,SCORE_DIST,False,251,3510,scale,rbf
1322,10364,25,True,PERCENTILES,False,251,3510,scale,rbf
1323,45171,4,False,JUMP,False,251,6751,scale,rbf
1324,45171,1,False,SCORE_DIST,False,251,6751,scale,rbf
1325,45171,25,False,PERCENTILES,False,251,6751,scale,rbf
1326,2210,6,False,JUMP,False,251,10364,scale,rbf
1327,2210,2,False,SCORE_DIST,False,251,10364,scale,rbf
1328,2210,25,False,PERCENTILES,False,251,10364,scale,rbf
1329,20204,2,False,JUMP,False,251,3510,scale,rbf
1330,20204,1,False,SCORE_DIST,False,251,3510,scale,rbf
1331,20204,25,True,PERCENTILES,False,251,3510,scale,rbf
1332,10364,4,True,JUMP,False,251,3112,scale,rbf
1333,10364,3,True,SCORE_DIST,False,251,3112,scale,rbf
1334,10364,25,True,PERCENTILES,False,251,3112,scale,rbf
1335,8918,3,False,JUMP,False,251,44692,scale,rbf
1336,8918,2,False,SCORE_DIST,False,251,44692,scale,rbf
1337,8918,25,False,PERCENTILES,False,251,44692,scale,rbf
1338,3096,2,False,JUMP,False,251,10364,scale,rbf
1339,3096,1,False,SCORE_DIST,False,251,10364,scale,rbf
1340,3096,25,True,PERCENTILES,False,251,10364,scale,rbf
1341,28,5,False,JUMP,False,251,3112,scale,rbf
1342,28,1,False,SCORE_DIST,False,251,3112,scale,rbf
1343,28,25,True,PERCENTILES,False,251,3112,scale,rbf
1344,44692,1,False,JUMP,False,251,10364,scale,rbf
1345,44692,1,False,SCORE_DIST,False,251,10364,scale,rbf
1346,44692,25,True,PERCENTILES,False,251,10364,scale,rbf
1347,3112,1,True,JUMP,True,251,3112,scale,rbf
1348,3112,1,True,SCORE_DIST,True,251,3112,scale,rbf
1349,3112,25,True,PERCENTILES,True,251,3112,scale,rbf
1350,28,1,False,JUMP,False,251,3112,scale,rbf
1351,28,1,False,SCORE_DIST,False,251,3112,scale,rbf
1352,28,25,True,PERCENTILES,False,251,3112,scale,rbf
1353,13449,4,False,JUMP,False,251,6751,scale,rbf
1354,13449,1,False,SCORE_DIST,False,251,6751,scale,rbf
1355,13449,25,True,PERCENTILES,False,251,6751,scale,rbf
1356,3202,2,False,JUMP,False,251,3112,scale,rbf
1357,3202,2,False,SCORE_DIST,False,251,3112,scale,rbf
1358,3202,25,True,PERCENTILES,False,251,3112,scale,rbf
1359,37450,1,False,JUMP,False,251,3112,scale,rbf
1360,37450,1,False,SCORE_DIST,False,251,3112,scale,rbf
1361,37450,25,False,PERCENTILES,False,251,3112,scale,rbf
1362,7577,7,False,JUMP,False,251,6751,scale,rbf
1363,7577,1,False,SCORE_DIST,False,251,6751,scale,rbf
1364,7577,25,False,PERCENTILES,False,251,6751,scale,rbf
1365,30444,6,False,JUMP,False,251,6751,scale,rbf
1366,30444,3,False,SCORE_DIST,False,251,6751,scale,rbf
1367,30444,25,False,PERCENTILES,False,251,6751,scale,rbf
1368,4857,1,False,JUMP,False,251,3112,scale,rbf
1369,4857,1,False,SCORE_DIST,False,251,3112,scale,rbf
1370,4857,25,False,PERCENTILES,False,251,3112,scale,rbf
1371,4703,2,False,JUMP,False,251,6751,scale,rbf
1372,4703,1,False,SCORE_DIST,False,251,6751,scale,rbf
1373,4703,25,False,PERCENTILES,False,251,6751,scale,rbf
1374,3112,1,False,JUMP,False,251,10364,scale,rbf
1375,3112,1,False,SCORE_DIST,False,251,10364,scale,rbf
1376,3112,25,True,PERCENTILES,False,251,10364,scale,rbf
1377,3202,1,False,JUMP,False,251,3112,scale,rbf
1378,3202,1,False,SCORE_DIST,False,251,3112,scale,rbf
1379,3202,25,True,PERCENTILES,False,251,3112,scale,rbf
1380,224,4,False,JUMP,False,251,10364,scale,rbf
1381,224,2,False,SCORE_DIST,False,251,10364,scale,rbf
1382,224,25,True,PERCENTILES,False,251,10364,scale,rbf
1383,8675,3,False,JUMP,False,251,44692,scale,rbf
1384,8675,1,False,SCORE_DIST,False,251,44692,scale,rbf
1385,8675,25,False,PERCENTILES,False,251,44692,scale,rbf
1386,4722,1,False,JUMP,False,251,10364,scale,rbf
1387,4722,1,False,SCORE_DIST,False,251,10364,scale,rbf
1388,4722,25,False,PERCENTILES,False,251,10364,scale,rbf
1389,3112,1,True,JUMP,True,251,3112,scale,rbf
1390,3112,1,True,SCORE_DIST,True,251,3112,scale,rbf
1391,3112,25,True,PERCENTILES,True,251,3112,scale,rbf
1392,9166,1,False,JUMP,False,251,10364,scale,rbf
1393,9166,1,False,SCORE_DIST,False,251,10364,scale,rbf
1394,9166,25,False,PERCENTILES,False,251,10364,scale,rbf
1395,224,1,False,JUMP,False,251,3112,scale,rbf
1396,224,1,False,SCORE_DIST,False,251,3112,scale,rbf
1397,224,25,True,PERCENTILES,False,251,3112,scale,rbf
1398,10364,6,True,JUMP,True,251,10364,scale,rbf
1399,10364,1,True,SCORE_DIST,True,251,10364,scale,rbf
1400,10364,25,True,PERCENTILES,True,251,10364,scale,rbf
1401,41428,1,False,JUMP,False,251,3112,scale,rbf
1402,41428,1,False,SCORE_DIST,False,251,3112,scale,rbf
1403,41428,25,True,PERCENTILES,False,251,3112,scale,rbf
1404,3202,2,False,JUMP,False,251,6751,scale,rbf
1405,3202,2,False,SCORE_DIST,False,251,6751,scale,rbf
1406,3202,25,True,PERCENTILES,False,251,6751,scale,rbf
1407,8000,1,False,JUMP,False,251,10364,scale,rbf
1408,8000,1,False,SCORE_DIST,False,251,10364,scale,rbf
1409,8000,25,False,PERCENTILES,False,251,10364,scale,rbf
1410,5000,1,False,JUMP,False,251,3112,scale,rbf
1411,5000,1,False,SCORE_DIST,False,251,3112,scale,rbf
1412,5000,25,False,PERCENTILES,False,251,3112,scale,rbf
1413,3131,1,False,JUMP,False,251,3112,scale,rbf
1414,3131,1,False,SCORE_DIST,False,251,3112,scale,rbf
1415,3131,25,False,PERCENTILES,False,251,3112,scale,rbf
1416,10364,1,False,JUMP,False,251,3112,scale,rbf
1417,10364,2,True,SCORE_DIST,False,251,3112,scale,rbf
1418,10364,25,True,PERCENTILES,False,251,3112,scale,rbf
1419,3245,1,False,JUMP,False,251,10364,scale,rbf
1420,3245,1,False,SCORE_DIST,False,251,10364,scale,rbf
1421,3245,25,False,PERCENTILES,False,251,10364,scale,rbf
1422,29870,1,False,JUMP,False,251,10364,scale,rbf
1423,29870,2,False,SCORE_DIST,False,251,10364,scale,rbf
1424,29870,25,False,PERCENTILES,False,251,10364,scale,rbf
1425,27073,4,False,JUMP,False,251,10364,scale,rbf
1426,27073,3,False,SCORE_DIST,False,251,10364,scale,rbf
1427,27073,25,False,PERCENTILES,False,251,10364,scale,rbf
1428,35633,2,False,JUMP,False,251,3112,scale,rbf
1429,35633,1,False,SCORE_DIST,False,251,3112,scale,rbf
1430,35633,25,False,PERCENTILES,False,251,3112,scale,rbf
1431,282,1,False,JUMP,False,251,3112,scale,rbf
1432,282,1,False,SCORE_DIST,False,251,3112,scale,rbf
1433,282,25,True,PERCENTILES,False,251,3112,scale,rbf
1434,44692,1,False,JUMP,False,251,4857,scale,rbf
1435,44692,1,False,SCORE_DIST,False,251,4857,scale,rbf
1436,44692,25,True,PERCENTILES,False,251,4857,scale,rbf
1437,3112,1,True,JUMP,True,251,3112,scale,rbf
1438,3112,1,True,SCORE_DIST,True,251,3112,scale,rbf
1439,3112,25,True,PERCENTILES,True,251,3112,scale,rbf
1440,3112,1,True,JUMP,True,251,3112,scale,rbf
1441,3112,1,True,SCORE_DIST,True,251,3112,scale,rbf
1442,3112,25,True,PERCENTILES,True,251,3112,scale,rbf
1443,2029,1,False,JUMP,False,251,3112,scale,rbf
1444,2029,1,False,SCORE_DIST,False,251,3112,scale,rbf
1445,2029,25,False,PERCENTILES,False,251,3112,scale,rbf
1446,3202,1,False,JUMP,False,251,10364,scale,rbf
1447,3202,1,False,SCORE_DIST,False,251,10364,scale,rbf
1448,3202,25,True,PERCENTILES,False,251,10364,scale,rbf
1449,45171,1,False,JUMP,False,251,3112,scale,rbf
1450,45171,1,False,SCORE_DIST,False,251,3112,scale,rbf
1451,45171,25,False,PERCENTILES,False,251,3112,scale,rbf
1452,19975,1,False,JUMP,False,251,3112,scale,rbf
1453,19975,1,False,SCORE_DIST,False,251,3112,scale,rbf
1454,19975,25,False,PERCENTILES,False,251,3112,scale,rbf
