,Actual Class,Class Size,Correct Class,Equiv Class,Largest Possible Class Size,Predicted Class,gamma,kernel
0,147,1,True,JUMP,39,147,scale,linear
1,147,1,True,SCORE_DIST,39,147,scale,linear
2,147,4,True,PERCENTILES,39,147,scale,linear
3,97,1,False,JUMP,39,147,scale,linear
4,97,1,False,SCORE_DIST,39,147,scale,linear
5,97,4,False,PERCENTILES,39,147,scale,linear
6,45,8,False,JUMP,39,147,scale,linear
7,45,1,False,SCORE_DIST,39,147,scale,linear
8,45,4,False,PERCENTILES,39,147,scale,linear
9,85,1,False,JUMP,39,147,scale,linear
10,85,1,False,SCORE_DIST,39,147,scale,linear
11,85,4,False,PERCENTILES,39,147,scale,linear
12,4857,1,True,JUMP,39,4857,scale,linear
13,4857,1,True,SCORE_DIST,39,4857,scale,linear
14,4857,4,True,PERCENTILES,39,4857,scale,linear
15,147,4,False,JUMP,39,3112,scale,linear
16,147,1,False,SCORE_DIST,39,3112,scale,linear
17,147,4,False,PERCENTILES,39,3112,scale,linear
18,3254,1,False,JUMP,39,3082,scale,linear
19,3254,1,False,SCORE_DIST,39,3082,scale,linear
20,3254,4,False,PERCENTILES,39,3082,scale,linear
21,710,1,False,JUMP,39,3082,scale,linear
22,710,1,False,SCORE_DIST,39,3082,scale,linear
23,710,4,True,PERCENTILES,39,3082,scale,linear
24,147,1,True,JUMP,39,147,scale,linear
25,147,1,True,SCORE_DIST,39,147,scale,linear
26,147,4,True,PERCENTILES,39,147,scale,linear
27,3510,1,False,JUMP,39,147,scale,linear
28,3510,2,False,SCORE_DIST,39,147,scale,linear
29,3510,4,True,PERCENTILES,39,147,scale,linear
30,2358,1,False,JUMP,39,147,scale,linear
31,2358,1,False,SCORE_DIST,39,147,scale,linear
32,2358,4,False,PERCENTILES,39,147,scale,linear
33,79,1,False,JUMP,39,147,scale,linear
34,79,1,False,SCORE_DIST,39,147,scale,linear
35,79,4,True,PERCENTILES,39,147,scale,linear
36,98,1,True,JUMP,39,98,scale,linear
37,98,1,True,SCORE_DIST,39,98,scale,linear
38,98,4,True,PERCENTILES,39,98,scale,linear
39,85,2,False,JUMP,39,147,scale,linear
40,85,2,False,SCORE_DIST,39,147,scale,linear
41,85,4,False,PERCENTILES,39,147,scale,linear
42,3203,3,False,JUMP,39,98,scale,linear
43,3203,1,False,SCORE_DIST,39,98,scale,linear
44,3203,4,False,PERCENTILES,39,98,scale,linear
45,147,1,False,JUMP,39,22,scale,linear
46,147,1,False,SCORE_DIST,39,22,scale,linear
47,147,4,True,PERCENTILES,39,22,scale,linear
48,3112,2,False,JUMP,39,147,scale,linear
49,3112,3,False,SCORE_DIST,39,147,scale,linear
50,3112,4,False,PERCENTILES,39,147,scale,linear
51,86,1,False,JUMP,39,98,scale,linear
52,86,1,False,SCORE_DIST,39,98,scale,linear
53,86,4,False,PERCENTILES,39,98,scale,linear
54,147,1,True,JUMP,39,147,scale,linear
55,147,1,True,SCORE_DIST,39,147,scale,linear
56,147,4,True,PERCENTILES,39,147,scale,linear
57,98,1,False,JUMP,39,147,scale,linear
58,98,2,True,SCORE_DIST,39,147,scale,linear
59,98,4,True,PERCENTILES,39,147,scale,linear
60,601,2,False,JUMP,39,710,scale,linear
61,601,3,False,SCORE_DIST,39,710,scale,linear
62,601,4,False,PERCENTILES,39,710,scale,linear
63,28,1,False,JUMP,39,147,scale,linear
64,28,1,False,SCORE_DIST,39,147,scale,linear
65,28,4,True,PERCENTILES,39,147,scale,linear
66,147,1,True,JUMP,39,147,scale,linear
67,147,1,True,SCORE_DIST,39,147,scale,linear
68,147,4,True,PERCENTILES,39,147,scale,linear
69,3082,1,False,JUMP,39,147,scale,linear
70,3082,1,False,SCORE_DIST,39,147,scale,linear
71,3082,4,True,PERCENTILES,39,147,scale,linear
72,2390,7,False,JUMP,39,3082,scale,linear
73,2390,2,False,SCORE_DIST,39,3082,scale,linear
74,2390,4,False,PERCENTILES,39,3082,scale,linear
75,98,1,False,JUMP,39,4857,scale,linear
76,98,1,False,SCORE_DIST,39,4857,scale,linear
77,98,4,True,PERCENTILES,39,4857,scale,linear
78,224,1,False,JUMP,39,3082,scale,linear
79,224,2,False,SCORE_DIST,39,3082,scale,linear
80,224,4,True,PERCENTILES,39,3082,scale,linear
81,28,1,False,JUMP,39,3082,scale,linear
82,28,1,False,SCORE_DIST,39,3082,scale,linear
83,28,4,False,PERCENTILES,39,3082,scale,linear
84,147,1,True,JUMP,39,147,scale,linear
85,147,1,True,SCORE_DIST,39,147,scale,linear
86,147,4,True,PERCENTILES,39,147,scale,linear
87,308,1,False,JUMP,39,147,scale,linear
88,308,1,False,SCORE_DIST,39,147,scale,linear
89,308,4,False,PERCENTILES,39,147,scale,linear
90,147,1,False,JUMP,39,98,scale,linear
91,147,1,False,SCORE_DIST,39,98,scale,linear
92,147,4,True,PERCENTILES,39,98,scale,linear
93,710,1,False,JUMP,39,3082,scale,linear
94,710,1,False,SCORE_DIST,39,3082,scale,linear
95,710,4,True,PERCENTILES,39,3082,scale,linear
96,98,1,True,JUMP,39,98,scale,linear
97,98,1,True,SCORE_DIST,39,98,scale,linear
98,98,4,True,PERCENTILES,39,98,scale,linear
99,98,1,True,JUMP,39,98,scale,linear
100,98,1,True,SCORE_DIST,39,98,scale,linear
101,98,4,True,PERCENTILES,39,98,scale,linear
102,224,1,False,JUMP,39,147,scale,linear
103,224,1,False,SCORE_DIST,39,147,scale,linear
104,224,4,True,PERCENTILES,39,147,scale,linear
105,601,1,False,JUMP,39,3510,scale,linear
106,601,1,False,SCORE_DIST,39,3510,scale,linear
107,601,4,False,PERCENTILES,39,3510,scale,linear
108,3112,1,False,JUMP,39,98,scale,linear
109,3112,1,False,SCORE_DIST,39,98,scale,linear
110,3112,4,True,PERCENTILES,39,98,scale,linear
111,98,1,True,JUMP,39,98,scale,linear
112,98,2,True,SCORE_DIST,39,98,scale,linear
113,98,4,True,PERCENTILES,39,98,scale,linear
114,251,1,False,JUMP,39,98,scale,linear
115,251,1,False,SCORE_DIST,39,98,scale,linear
116,251,4,False,PERCENTILES,39,98,scale,linear
117,3202,1,False,JUMP,39,98,scale,linear
118,3202,1,False,SCORE_DIST,39,98,scale,linear
119,3202,4,False,PERCENTILES,39,98,scale,linear
120,3112,1,False,JUMP,39,98,scale,linear
121,3112,1,False,SCORE_DIST,39,98,scale,linear
122,3112,4,True,PERCENTILES,39,98,scale,linear
123,98,1,True,JUMP,39,98,scale,linear
124,98,2,True,SCORE_DIST,39,98,scale,linear
125,98,4,True,PERCENTILES,39,98,scale,linear
126,710,1,False,JUMP,39,3082,scale,linear
127,710,1,False,SCORE_DIST,39,3082,scale,linear
128,710,4,False,PERCENTILES,39,3082,scale,linear
129,24,1,False,JUMP,39,147,scale,linear
130,24,1,False,SCORE_DIST,39,147,scale,linear
131,24,4,False,PERCENTILES,39,147,scale,linear
132,22,1,False,JUMP,39,98,scale,linear
133,22,1,False,SCORE_DIST,39,98,scale,linear
134,22,4,False,PERCENTILES,39,98,scale,linear
135,3112,1,False,JUMP,39,98,scale,linear
136,3112,1,False,SCORE_DIST,39,98,scale,linear
137,3112,4,True,PERCENTILES,39,98,scale,linear
138,61,1,False,JUMP,39,147,scale,linear
139,61,1,False,SCORE_DIST,39,147,scale,linear
140,61,4,False,PERCENTILES,39,147,scale,linear
141,2052,3,False,JUMP,39,224,scale,linear
142,2052,2,False,SCORE_DIST,39,224,scale,linear
143,2052,4,False,PERCENTILES,39,224,scale,linear
144,3112,1,False,JUMP,39,147,scale,linear
145,3112,1,False,SCORE_DIST,39,147,scale,linear
146,3112,4,True,PERCENTILES,39,147,scale,linear
147,147,1,True,JUMP,39,147,scale,linear
148,147,1,True,SCORE_DIST,39,147,scale,linear
149,147,4,True,PERCENTILES,39,147,scale,linear
150,4857,1,False,JUMP,39,98,scale,linear
151,4857,1,False,SCORE_DIST,39,98,scale,linear
152,4857,4,False,PERCENTILES,39,98,scale,linear
153,22,1,False,JUMP,39,147,scale,linear
154,22,1,False,SCORE_DIST,39,147,scale,linear
155,22,4,False,PERCENTILES,39,147,scale,linear
156,61,1,False,JUMP,39,147,scale,linear
157,61,1,False,SCORE_DIST,39,147,scale,linear
158,61,4,False,PERCENTILES,39,147,scale,linear
159,3096,1,False,JUMP,39,3082,scale,linear
160,3096,1,False,SCORE_DIST,39,3082,scale,linear
161,3096,4,False,PERCENTILES,39,3082,scale,linear
162,3082,1,True,JUMP,39,3082,scale,linear
163,3082,1,True,SCORE_DIST,39,3082,scale,linear
164,3082,4,True,PERCENTILES,39,3082,scale,linear
165,147,1,True,JUMP,39,147,scale,linear
166,147,1,True,SCORE_DIST,39,147,scale,linear
167,147,4,True,PERCENTILES,39,147,scale,linear
168,4857,1,False,JUMP,39,147,scale,linear
169,4857,2,False,SCORE_DIST,39,147,scale,linear
170,4857,4,False,PERCENTILES,39,147,scale,linear
171,3082,3,True,JUMP,39,4857,scale,linear
172,3082,1,False,SCORE_DIST,39,4857,scale,linear
173,3082,4,True,PERCENTILES,39,4857,scale,linear
174,147,1,True,JUMP,39,147,scale,linear
175,147,1,True,SCORE_DIST,39,147,scale,linear
176,147,4,True,PERCENTILES,39,147,scale,linear
177,4857,1,False,JUMP,39,98,scale,linear
178,4857,1,False,SCORE_DIST,39,98,scale,linear
179,4857,4,False,PERCENTILES,39,98,scale,linear
180,447,1,False,JUMP,39,98,scale,linear
181,447,1,False,SCORE_DIST,39,98,scale,linear
182,447,4,False,PERCENTILES,39,98,scale,linear
183,3082,1,True,JUMP,39,3082,scale,linear
184,3082,1,True,SCORE_DIST,39,3082,scale,linear
185,3082,4,True,PERCENTILES,39,3082,scale,linear
186,3510,1,False,JUMP,39,147,scale,linear
187,3510,1,False,SCORE_DIST,39,147,scale,linear
188,3510,4,True,PERCENTILES,39,147,scale,linear
189,710,1,True,JUMP,39,710,scale,linear
190,710,1,True,SCORE_DIST,39,710,scale,linear
191,710,4,True,PERCENTILES,39,710,scale,linear
192,147,1,True,JUMP,39,147,scale,linear
193,147,1,True,SCORE_DIST,39,147,scale,linear
194,147,4,True,PERCENTILES,39,147,scale,linear
195,3202,1,False,JUMP,39,147,scale,linear
196,3202,1,False,SCORE_DIST,39,147,scale,linear
197,3202,4,False,PERCENTILES,39,147,scale,linear
198,2052,1,False,JUMP,39,147,scale,linear
199,2052,1,False,SCORE_DIST,39,147,scale,linear
200,2052,4,False,PERCENTILES,39,147,scale,linear
201,3510,1,False,JUMP,39,98,scale,linear
202,3510,1,False,SCORE_DIST,39,98,scale,linear
203,3510,4,False,PERCENTILES,39,98,scale,linear
204,224,1,False,JUMP,39,98,scale,linear
205,224,1,False,SCORE_DIST,39,98,scale,linear
206,224,4,True,PERCENTILES,39,98,scale,linear
207,3510,2,True,JUMP,39,3082,scale,linear
208,3510,2,True,SCORE_DIST,39,3082,scale,linear
209,3510,4,True,PERCENTILES,39,3082,scale,linear
210,4857,2,True,JUMP,39,4857,scale,linear
211,4857,3,True,SCORE_DIST,39,4857,scale,linear
212,4857,4,True,PERCENTILES,39,4857,scale,linear
213,3082,1,False,JUMP,39,98,scale,linear
214,3082,1,False,SCORE_DIST,39,98,scale,linear
215,3082,4,False,PERCENTILES,39,98,scale,linear
216,79,1,False,JUMP,39,98,scale,linear
217,79,1,False,SCORE_DIST,39,98,scale,linear
218,79,4,False,PERCENTILES,39,98,scale,linear
219,35,1,False,JUMP,39,147,scale,linear
220,35,1,False,SCORE_DIST,39,147,scale,linear
221,35,4,False,PERCENTILES,39,147,scale,linear
222,147,1,True,JUMP,39,147,scale,linear
223,147,1,True,SCORE_DIST,39,147,scale,linear
224,147,4,True,PERCENTILES,39,147,scale,linear
225,3131,1,False,JUMP,39,98,scale,linear
226,3131,1,False,SCORE_DIST,39,98,scale,linear
227,3131,4,False,PERCENTILES,39,98,scale,linear
228,147,1,True,JUMP,39,147,scale,linear
229,147,1,True,SCORE_DIST,39,147,scale,linear
230,147,4,True,PERCENTILES,39,147,scale,linear
231,710,1,False,JUMP,39,98,scale,linear
232,710,1,False,SCORE_DIST,39,98,scale,linear
233,710,4,True,PERCENTILES,39,98,scale,linear
234,308,1,False,JUMP,39,147,scale,linear
235,308,1,False,SCORE_DIST,39,147,scale,linear
236,308,4,False,PERCENTILES,39,147,scale,linear
237,108,1,False,JUMP,39,147,scale,linear
238,108,1,False,SCORE_DIST,39,147,scale,linear
239,108,4,False,PERCENTILES,39,147,scale,linear
240,36,8,False,JUMP,39,98,scale,linear
241,36,1,False,SCORE_DIST,39,98,scale,linear
242,36,4,False,PERCENTILES,39,98,scale,linear
243,61,1,False,JUMP,39,147,scale,linear
244,61,1,False,SCORE_DIST,39,147,scale,linear
245,61,4,False,PERCENTILES,39,147,scale,linear
246,98,1,True,JUMP,39,98,scale,linear
247,98,1,True,SCORE_DIST,39,98,scale,linear
248,98,4,True,PERCENTILES,39,98,scale,linear
249,3203,2,False,JUMP,39,3510,scale,linear
250,3203,3,False,SCORE_DIST,39,3510,scale,linear
251,3203,4,False,PERCENTILES,39,3510,scale,linear
252,2042,1,False,JUMP,39,98,scale,linear
253,2042,1,False,SCORE_DIST,39,98,scale,linear
254,2042,4,False,PERCENTILES,39,98,scale,linear
255,2358,1,False,JUMP,39,147,scale,linear
256,2358,1,False,SCORE_DIST,39,147,scale,linear
257,2358,4,False,PERCENTILES,39,147,scale,linear
258,4857,1,False,JUMP,39,147,scale,linear
259,4857,1,False,SCORE_DIST,39,147,scale,linear
260,4857,4,False,PERCENTILES,39,147,scale,linear
261,3082,1,True,JUMP,39,3082,scale,linear
262,3082,1,True,SCORE_DIST,39,3082,scale,linear
263,3082,4,True,PERCENTILES,39,3082,scale,linear
264,3510,1,False,JUMP,39,147,scale,linear
265,3510,1,False,SCORE_DIST,39,147,scale,linear
266,3510,4,True,PERCENTILES,39,147,scale,linear
267,447,1,False,JUMP,39,4857,scale,linear
268,447,2,False,SCORE_DIST,39,4857,scale,linear
269,447,4,False,PERCENTILES,39,4857,scale,linear
270,3254,4,False,JUMP,39,3510,scale,linear
271,3254,2,False,SCORE_DIST,39,3510,scale,linear
272,3254,4,False,PERCENTILES,39,3510,scale,linear
273,147,1,True,JUMP,39,147,scale,linear
274,147,1,True,SCORE_DIST,39,147,scale,linear
275,147,4,True,PERCENTILES,39,147,scale,linear
276,97,3,False,JUMP,39,98,scale,linear
277,97,2,False,SCORE_DIST,39,98,scale,linear
278,97,4,False,PERCENTILES,39,98,scale,linear
279,3082,2,True,JUMP,39,710,scale,linear
280,3082,2,True,SCORE_DIST,39,710,scale,linear
281,3082,4,True,PERCENTILES,39,710,scale,linear
282,3082,2,True,JUMP,39,3082,scale,linear
283,3082,1,True,SCORE_DIST,39,3082,scale,linear
284,3082,4,True,PERCENTILES,39,3082,scale,linear
285,282,1,False,JUMP,39,98,scale,linear
286,282,1,False,SCORE_DIST,39,98,scale,linear
287,282,4,False,PERCENTILES,39,98,scale,linear
288,224,2,False,JUMP,39,98,scale,linear
289,224,3,True,SCORE_DIST,39,98,scale,linear
290,224,4,True,PERCENTILES,39,98,scale,linear
291,77,1,False,JUMP,39,710,scale,linear
292,77,1,False,SCORE_DIST,39,710,scale,linear
293,77,4,False,PERCENTILES,39,710,scale,linear
294,3082,1,False,JUMP,39,147,scale,linear
295,3082,1,False,SCORE_DIST,39,147,scale,linear
296,3082,4,False,PERCENTILES,39,147,scale,linear
297,857,1,False,JUMP,39,98,scale,linear
298,857,1,False,SCORE_DIST,39,98,scale,linear
299,857,4,False,PERCENTILES,39,98,scale,linear
300,79,3,False,JUMP,39,3510,scale,linear
301,79,3,False,SCORE_DIST,39,3510,scale,linear
302,79,4,False,PERCENTILES,39,3510,scale,linear
303,45,1,False,JUMP,39,98,scale,linear
304,45,1,False,SCORE_DIST,39,98,scale,linear
305,45,4,False,PERCENTILES,39,98,scale,linear
306,147,1,True,JUMP,39,147,scale,linear
307,147,1,True,SCORE_DIST,39,147,scale,linear
308,147,4,True,PERCENTILES,39,147,scale,linear
309,147,1,True,JUMP,39,147,scale,linear
310,147,1,True,SCORE_DIST,39,147,scale,linear
311,147,4,True,PERCENTILES,39,147,scale,linear
312,282,1,False,JUMP,39,3082,scale,linear
313,282,1,False,SCORE_DIST,39,3082,scale,linear
314,282,4,False,PERCENTILES,39,3082,scale,linear
315,79,1,False,JUMP,39,4857,scale,linear
316,79,2,False,SCORE_DIST,39,4857,scale,linear
317,79,4,False,PERCENTILES,39,4857,scale,linear
318,28,1,False,JUMP,39,4857,scale,linear
319,28,1,False,SCORE_DIST,39,4857,scale,linear
320,28,4,True,PERCENTILES,39,4857,scale,linear
321,98,1,True,JUMP,39,98,scale,linear
322,98,1,True,SCORE_DIST,39,98,scale,linear
323,98,4,True,PERCENTILES,39,98,scale,linear
324,3510,1,False,JUMP,39,147,scale,linear
325,3510,1,False,SCORE_DIST,39,147,scale,linear
326,3510,4,True,PERCENTILES,39,147,scale,linear
327,98,1,True,JUMP,39,98,scale,linear
328,98,1,True,SCORE_DIST,39,98,scale,linear
329,98,4,True,PERCENTILES,39,98,scale,linear
330,147,1,True,JUMP,39,147,scale,linear
331,147,1,True,SCORE_DIST,39,147,scale,linear
332,147,4,True,PERCENTILES,39,147,scale,linear
333,4857,1,False,JUMP,39,98,scale,linear
334,4857,1,False,SCORE_DIST,39,98,scale,linear
335,4857,4,True,PERCENTILES,39,98,scale,linear
336,98,1,True,JUMP,39,98,scale,linear
337,98,1,True,SCORE_DIST,39,98,scale,linear
338,98,4,True,PERCENTILES,39,98,scale,linear
339,22,1,False,JUMP,39,147,scale,linear
340,22,1,False,SCORE_DIST,39,147,scale,linear
341,22,4,True,PERCENTILES,39,147,scale,linear
342,98,1,False,JUMP,39,147,scale,linear
343,98,1,False,SCORE_DIST,39,147,scale,linear
344,98,4,True,PERCENTILES,39,147,scale,linear
345,3082,1,False,JUMP,39,147,scale,linear
346,3082,1,False,SCORE_DIST,39,147,scale,linear
347,3082,4,False,PERCENTILES,39,147,scale,linear
348,45,1,False,JUMP,39,98,scale,linear
349,45,1,False,SCORE_DIST,39,98,scale,linear
350,45,4,False,PERCENTILES,39,98,scale,linear
351,22,1,False,JUMP,39,98,scale,linear
352,22,1,False,SCORE_DIST,39,98,scale,linear
353,22,4,False,PERCENTILES,39,98,scale,linear
354,4857,1,False,JUMP,39,710,scale,linear
355,4857,1,False,SCORE_DIST,39,710,scale,linear
356,4857,4,False,PERCENTILES,39,710,scale,linear
357,3112,3,False,JUMP,39,710,scale,linear
358,3112,2,False,SCORE_DIST,39,710,scale,linear
359,3112,4,False,PERCENTILES,39,710,scale,linear
360,77,1,False,JUMP,39,3082,scale,linear
361,77,1,False,SCORE_DIST,39,3082,scale,linear
362,77,4,False,PERCENTILES,39,3082,scale,linear
363,24,1,False,JUMP,39,98,scale,linear
364,24,1,False,SCORE_DIST,39,98,scale,linear
365,24,4,False,PERCENTILES,39,98,scale,linear
366,371,1,False,JUMP,39,3082,scale,linear
367,371,1,False,SCORE_DIST,39,3082,scale,linear
368,371,4,False,PERCENTILES,39,3082,scale,linear
369,3510,2,True,JUMP,39,147,scale,linear
370,3510,2,True,SCORE_DIST,39,147,scale,linear
371,3510,4,True,PERCENTILES,39,147,scale,linear
372,2052,7,False,JUMP,39,224,scale,linear
373,2052,3,False,SCORE_DIST,39,224,scale,linear
374,2052,4,False,PERCENTILES,39,224,scale,linear
375,147,1,True,JUMP,39,147,scale,linear
376,147,1,True,SCORE_DIST,39,147,scale,linear
377,147,4,True,PERCENTILES,39,147,scale,linear
378,3082,1,True,JUMP,39,3082,scale,linear
379,3082,1,True,SCORE_DIST,39,3082,scale,linear
380,3082,4,True,PERCENTILES,39,3082,scale,linear
381,98,1,False,JUMP,39,4857,scale,linear
382,98,1,False,SCORE_DIST,39,4857,scale,linear
383,98,4,False,PERCENTILES,39,4857,scale,linear
384,2358,2,False,JUMP,39,710,scale,linear
385,2358,1,False,SCORE_DIST,39,710,scale,linear
386,2358,4,True,PERCENTILES,39,710,scale,linear
387,22,1,False,JUMP,39,147,scale,linear
388,22,2,False,SCORE_DIST,39,147,scale,linear
389,22,4,True,PERCENTILES,39,147,scale,linear
390,224,1,False,JUMP,39,4857,scale,linear
391,224,1,False,SCORE_DIST,39,4857,scale,linear
392,224,4,False,PERCENTILES,39,4857,scale,linear
393,79,1,False,JUMP,39,147,scale,linear
394,79,1,False,SCORE_DIST,39,147,scale,linear
395,79,4,False,PERCENTILES,39,147,scale,linear
396,3510,1,False,JUMP,39,147,scale,linear
397,3510,1,False,SCORE_DIST,39,147,scale,linear
398,3510,4,True,PERCENTILES,39,147,scale,linear
399,710,1,False,JUMP,39,3082,scale,linear
400,710,1,False,SCORE_DIST,39,3082,scale,linear
401,710,4,True,PERCENTILES,39,3082,scale,linear
402,371,1,False,JUMP,39,98,scale,linear
403,371,1,False,SCORE_DIST,39,98,scale,linear
404,371,4,False,PERCENTILES,39,98,scale,linear
405,22,6,True,JUMP,39,3112,scale,linear
406,22,1,False,SCORE_DIST,39,3112,scale,linear
407,22,4,True,PERCENTILES,39,3112,scale,linear
408,147,1,True,JUMP,39,147,scale,linear
409,147,1,True,SCORE_DIST,39,147,scale,linear
410,147,4,True,PERCENTILES,39,147,scale,linear
411,257,1,False,JUMP,39,3082,scale,linear
412,257,1,False,SCORE_DIST,39,3082,scale,linear
413,257,4,False,PERCENTILES,39,3082,scale,linear
414,3112,3,True,JUMP,39,98,scale,linear
415,3112,1,False,SCORE_DIST,39,98,scale,linear
416,3112,4,True,PERCENTILES,39,98,scale,linear
417,147,1,True,JUMP,39,147,scale,linear
418,147,1,True,SCORE_DIST,39,147,scale,linear
419,147,4,True,PERCENTILES,39,147,scale,linear
420,147,1,True,JUMP,39,147,scale,linear
421,147,1,True,SCORE_DIST,39,147,scale,linear
422,147,4,True,PERCENTILES,39,147,scale,linear
423,147,2,True,JUMP,39,147,scale,linear
424,147,2,True,SCORE_DIST,39,147,scale,linear
425,147,4,True,PERCENTILES,39,147,scale,linear
426,3096,1,False,JUMP,39,98,scale,linear
427,3096,1,False,SCORE_DIST,39,98,scale,linear
428,3096,4,True,PERCENTILES,39,98,scale,linear
429,35,1,False,JUMP,39,147,scale,linear
430,35,1,False,SCORE_DIST,39,147,scale,linear
431,35,4,False,PERCENTILES,39,147,scale,linear
432,2358,1,True,JUMP,39,2358,scale,linear
433,2358,1,True,SCORE_DIST,39,2358,scale,linear
434,2358,4,True,PERCENTILES,39,2358,scale,linear
435,3096,1,False,JUMP,39,98,scale,linear
436,3096,1,False,SCORE_DIST,39,98,scale,linear
437,3096,4,False,PERCENTILES,39,98,scale,linear
438,98,1,False,JUMP,39,4857,scale,linear
439,98,2,False,SCORE_DIST,39,4857,scale,linear
440,98,4,False,PERCENTILES,39,4857,scale,linear
441,257,1,False,JUMP,39,147,scale,linear
442,257,1,False,SCORE_DIST,39,147,scale,linear
443,257,4,False,PERCENTILES,39,147,scale,linear
444,2162,1,False,JUMP,39,98,scale,linear
445,2162,1,False,SCORE_DIST,39,98,scale,linear
446,2162,4,False,PERCENTILES,39,98,scale,linear
447,710,1,False,JUMP,39,98,scale,linear
448,710,1,False,SCORE_DIST,39,98,scale,linear
449,710,4,True,PERCENTILES,39,98,scale,linear
450,28,1,False,JUMP,39,147,scale,linear
451,28,1,False,SCORE_DIST,39,147,scale,linear
452,28,4,True,PERCENTILES,39,147,scale,linear
453,224,1,False,JUMP,39,98,scale,linear
454,224,1,False,SCORE_DIST,39,98,scale,linear
455,224,4,False,PERCENTILES,39,98,scale,linear
456,2162,1,False,JUMP,39,98,scale,linear
457,2162,1,False,SCORE_DIST,39,98,scale,linear
458,2162,4,False,PERCENTILES,39,98,scale,linear
459,147,3,False,JUMP,39,3510,scale,poly
460,147,2,False,SCORE_DIST,39,3510,scale,poly
461,147,4,False,PERCENTILES,39,3510,scale,poly
462,97,1,False,JUMP,39,4857,scale,poly
463,97,1,False,SCORE_DIST,39,4857,scale,poly
464,97,4,False,PERCENTILES,39,4857,scale,poly
465,45,2,False,JUMP,39,3082,scale,poly
466,45,3,False,SCORE_DIST,39,3082,scale,poly
467,45,4,False,PERCENTILES,39,3082,scale,poly
468,85,2,False,JUMP,39,4857,scale,poly
469,85,1,False,SCORE_DIST,39,4857,scale,poly
470,85,4,False,PERCENTILES,39,4857,scale,poly
471,4857,1,True,JUMP,39,4857,scale,poly
472,4857,1,True,SCORE_DIST,39,4857,scale,poly
473,4857,4,True,PERCENTILES,39,4857,scale,poly
474,147,1,False,JUMP,39,3510,scale,poly
475,147,1,False,SCORE_DIST,39,3510,scale,poly
476,147,4,False,PERCENTILES,39,3510,scale,poly
477,3254,1,False,JUMP,39,4857,scale,poly
478,3254,1,False,SCORE_DIST,39,4857,scale,poly
479,3254,4,False,PERCENTILES,39,4857,scale,poly
480,710,1,False,JUMP,39,4857,scale,poly
481,710,1,False,SCORE_DIST,39,4857,scale,poly
482,710,4,False,PERCENTILES,39,4857,scale,poly
483,147,1,False,JUMP,39,3510,scale,poly
484,147,1,False,SCORE_DIST,39,3510,scale,poly
485,147,4,False,PERCENTILES,39,3510,scale,poly
486,3510,2,True,JUMP,39,4857,scale,poly
487,3510,3,True,SCORE_DIST,39,4857,scale,poly
488,3510,4,True,PERCENTILES,39,4857,scale,poly
489,2358,2,False,JUMP,39,3082,scale,poly
490,2358,2,False,SCORE_DIST,39,3082,scale,poly
491,2358,4,True,PERCENTILES,39,3082,scale,poly
492,79,1,False,JUMP,39,3510,scale,poly
493,79,1,False,SCORE_DIST,39,3510,scale,poly
494,79,4,True,PERCENTILES,39,3510,scale,poly
495,98,1,False,JUMP,39,4857,scale,poly
496,98,1,False,SCORE_DIST,39,4857,scale,poly
497,98,4,False,PERCENTILES,39,4857,scale,poly
498,85,2,False,JUMP,39,4857,scale,poly
499,85,1,False,SCORE_DIST,39,4857,scale,poly
500,85,4,False,PERCENTILES,39,4857,scale,poly
501,3203,1,False,JUMP,39,4857,scale,poly
502,3203,1,False,SCORE_DIST,39,4857,scale,poly
503,3203,4,False,PERCENTILES,39,4857,scale,poly
504,147,1,False,JUMP,39,3510,scale,poly
505,147,1,False,SCORE_DIST,39,3510,scale,poly
506,147,4,False,PERCENTILES,39,3510,scale,poly
507,3112,1,False,JUMP,39,4857,scale,poly
508,3112,1,False,SCORE_DIST,39,4857,scale,poly
509,3112,4,False,PERCENTILES,39,4857,scale,poly
510,86,1,False,JUMP,39,4857,scale,poly
511,86,1,False,SCORE_DIST,39,4857,scale,poly
512,86,4,False,PERCENTILES,39,4857,scale,poly
513,147,2,False,JUMP,39,3510,scale,poly
514,147,1,False,SCORE_DIST,39,3510,scale,poly
515,147,4,False,PERCENTILES,39,3510,scale,poly
516,98,2,False,JUMP,39,4857,scale,poly
517,98,1,False,SCORE_DIST,39,4857,scale,poly
518,98,4,False,PERCENTILES,39,4857,scale,poly
519,601,2,False,JUMP,39,4857,scale,poly
520,601,2,False,SCORE_DIST,39,4857,scale,poly
521,601,4,False,PERCENTILES,39,4857,scale,poly
522,28,2,False,JUMP,39,4857,scale,poly
523,28,1,False,SCORE_DIST,39,4857,scale,poly
524,28,4,False,PERCENTILES,39,4857,scale,poly
525,147,1,False,JUMP,39,3510,scale,poly
526,147,1,False,SCORE_DIST,39,3510,scale,poly
527,147,4,False,PERCENTILES,39,3510,scale,poly
528,3082,2,False,JUMP,39,4857,scale,poly
529,3082,1,False,SCORE_DIST,39,4857,scale,poly
530,3082,4,True,PERCENTILES,39,4857,scale,poly
531,2390,2,False,JUMP,39,4857,scale,poly
532,2390,1,False,SCORE_DIST,39,4857,scale,poly
533,2390,4,False,PERCENTILES,39,4857,scale,poly
534,98,1,False,JUMP,39,4857,scale,poly
535,98,1,False,SCORE_DIST,39,4857,scale,poly
536,98,4,False,PERCENTILES,39,4857,scale,poly
537,224,1,False,JUMP,39,4857,scale,poly
538,224,1,False,SCORE_DIST,39,4857,scale,poly
539,224,4,True,PERCENTILES,39,4857,scale,poly
540,28,1,False,JUMP,39,4857,scale,poly
541,28,1,False,SCORE_DIST,39,4857,scale,poly
542,28,4,False,PERCENTILES,39,4857,scale,poly
543,147,1,False,JUMP,39,3510,scale,poly
544,147,1,False,SCORE_DIST,39,3510,scale,poly
545,147,4,False,PERCENTILES,39,3510,scale,poly
546,308,1,False,JUMP,39,4857,scale,poly
547,308,1,False,SCORE_DIST,39,4857,scale,poly
548,308,4,False,PERCENTILES,39,4857,scale,poly
549,147,2,False,JUMP,39,98,scale,poly
550,147,1,False,SCORE_DIST,39,98,scale,poly
551,147,4,False,PERCENTILES,39,98,scale,poly
552,710,2,False,JUMP,39,4857,scale,poly
553,710,1,False,SCORE_DIST,39,4857,scale,poly
554,710,4,False,PERCENTILES,39,4857,scale,poly
555,98,2,False,JUMP,39,4857,scale,poly
556,98,1,False,SCORE_DIST,39,4857,scale,poly
557,98,4,False,PERCENTILES,39,4857,scale,poly
558,98,2,False,JUMP,39,4857,scale,poly
559,98,1,False,SCORE_DIST,39,4857,scale,poly
560,98,4,False,PERCENTILES,39,4857,scale,poly
561,224,1,False,JUMP,39,3510,scale,poly
562,224,2,False,SCORE_DIST,39,3510,scale,poly
563,224,4,True,PERCENTILES,39,3510,scale,poly
564,601,2,False,JUMP,39,4857,scale,poly
565,601,1,False,SCORE_DIST,39,4857,scale,poly
566,601,4,False,PERCENTILES,39,4857,scale,poly
567,3112,2,False,JUMP,39,3510,scale,poly
568,3112,3,False,SCORE_DIST,39,3510,scale,poly
569,3112,4,False,PERCENTILES,39,3510,scale,poly
570,98,2,False,JUMP,39,3510,scale,poly
571,98,2,False,SCORE_DIST,39,3510,scale,poly
572,98,4,False,PERCENTILES,39,3510,scale,poly
573,251,1,False,JUMP,39,3510,scale,poly
574,251,1,False,SCORE_DIST,39,3510,scale,poly
575,251,4,False,PERCENTILES,39,3510,scale,poly
576,3202,4,False,JUMP,39,3510,scale,poly
577,3202,2,False,SCORE_DIST,39,3510,scale,poly
578,3202,4,False,PERCENTILES,39,3510,scale,poly
579,3112,1,False,JUMP,39,3510,scale,poly
580,3112,1,False,SCORE_DIST,39,3510,scale,poly
581,3112,4,True,PERCENTILES,39,3510,scale,poly
582,98,1,False,JUMP,39,3510,scale,poly
583,98,1,False,SCORE_DIST,39,3510,scale,poly
584,98,4,False,PERCENTILES,39,3510,scale,poly
585,710,2,False,JUMP,39,4857,scale,poly
586,710,1,False,SCORE_DIST,39,4857,scale,poly
587,710,4,False,PERCENTILES,39,4857,scale,poly
588,24,1,False,JUMP,39,3510,scale,poly
589,24,2,False,SCORE_DIST,39,3510,scale,poly
590,24,4,False,PERCENTILES,39,3510,scale,poly
591,22,1,False,JUMP,39,3510,scale,poly
592,22,1,False,SCORE_DIST,39,3510,scale,poly
593,22,4,False,PERCENTILES,39,3510,scale,poly
594,3112,2,False,JUMP,39,4857,scale,poly
595,3112,1,False,SCORE_DIST,39,4857,scale,poly
596,3112,4,False,PERCENTILES,39,4857,scale,poly
597,61,2,False,JUMP,39,4857,scale,poly
598,61,3,False,SCORE_DIST,39,4857,scale,poly
599,61,4,False,PERCENTILES,39,4857,scale,poly
600,2052,1,False,JUMP,39,4857,scale,poly
601,2052,1,False,SCORE_DIST,39,4857,scale,poly
602,2052,4,False,PERCENTILES,39,4857,scale,poly
603,3112,1,False,JUMP,39,3510,scale,poly
604,3112,1,False,SCORE_DIST,39,3510,scale,poly
605,3112,4,False,PERCENTILES,39,3510,scale,poly
606,147,1,False,JUMP,39,4857,scale,poly
607,147,1,False,SCORE_DIST,39,4857,scale,poly
608,147,4,False,PERCENTILES,39,4857,scale,poly
609,4857,1,False,JUMP,39,3510,scale,poly
610,4857,1,False,SCORE_DIST,39,3510,scale,poly
611,4857,4,True,PERCENTILES,39,3510,scale,poly
612,22,1,False,JUMP,39,3082,scale,poly
613,22,2,False,SCORE_DIST,39,3082,scale,poly
614,22,4,False,PERCENTILES,39,3082,scale,poly
615,61,2,False,JUMP,39,4857,scale,poly
616,61,3,False,SCORE_DIST,39,4857,scale,poly
617,61,4,False,PERCENTILES,39,4857,scale,poly
618,3096,2,False,JUMP,39,4857,scale,poly
619,3096,1,False,SCORE_DIST,39,4857,scale,poly
620,3096,4,False,PERCENTILES,39,4857,scale,poly
621,3082,1,False,JUMP,39,4857,scale,poly
622,3082,1,False,SCORE_DIST,39,4857,scale,poly
623,3082,4,True,PERCENTILES,39,4857,scale,poly
624,147,1,False,JUMP,39,3510,scale,poly
625,147,2,False,SCORE_DIST,39,3510,scale,poly
626,147,4,False,PERCENTILES,39,3510,scale,poly
627,4857,2,False,JUMP,39,3510,scale,poly
628,4857,2,False,SCORE_DIST,39,3510,scale,poly
629,4857,4,True,PERCENTILES,39,3510,scale,poly
630,3082,1,False,JUMP,39,4857,scale,poly
631,3082,1,False,SCORE_DIST,39,4857,scale,poly
632,3082,4,True,PERCENTILES,39,4857,scale,poly
633,147,1,False,JUMP,39,3510,scale,poly
634,147,1,False,SCORE_DIST,39,3510,scale,poly
635,147,4,False,PERCENTILES,39,3510,scale,poly
636,4857,2,True,JUMP,39,4857,scale,poly
637,4857,1,True,SCORE_DIST,39,4857,scale,poly
638,4857,4,True,PERCENTILES,39,4857,scale,poly
639,447,1,False,JUMP,39,3510,scale,poly
640,447,1,False,SCORE_DIST,39,3510,scale,poly
641,447,4,False,PERCENTILES,39,3510,scale,poly
642,3082,1,False,JUMP,39,4857,scale,poly
643,3082,1,False,SCORE_DIST,39,4857,scale,poly
644,3082,4,True,PERCENTILES,39,4857,scale,poly
645,3510,2,True,JUMP,39,4857,scale,poly
646,3510,3,True,SCORE_DIST,39,4857,scale,poly
647,3510,4,True,PERCENTILES,39,4857,scale,poly
648,710,2,False,JUMP,39,4857,scale,poly
649,710,3,False,SCORE_DIST,39,4857,scale,poly
650,710,4,False,PERCENTILES,39,4857,scale,poly
651,147,2,False,JUMP,39,4857,scale,poly
652,147,1,False,SCORE_DIST,39,4857,scale,poly
653,147,4,False,PERCENTILES,39,4857,scale,poly
654,3202,1,False,JUMP,39,4857,scale,poly
655,3202,1,False,SCORE_DIST,39,4857,scale,poly
656,3202,4,False,PERCENTILES,39,4857,scale,poly
657,2052,1,False,JUMP,39,3510,scale,poly
658,2052,1,False,SCORE_DIST,39,3510,scale,poly
659,2052,4,False,PERCENTILES,39,3510,scale,poly
660,3510,2,True,JUMP,39,4857,scale,poly
661,3510,1,False,SCORE_DIST,39,4857,scale,poly
662,3510,4,True,PERCENTILES,39,4857,scale,poly
663,224,2,False,JUMP,39,4857,scale,poly
664,224,3,False,SCORE_DIST,39,4857,scale,poly
665,224,4,True,PERCENTILES,39,4857,scale,poly
666,3510,2,True,JUMP,39,3510,scale,poly
667,3510,2,True,SCORE_DIST,39,3510,scale,poly
668,3510,4,True,PERCENTILES,39,3510,scale,poly
669,4857,1,True,JUMP,39,4857,scale,poly
670,4857,1,True,SCORE_DIST,39,4857,scale,poly
671,4857,4,True,PERCENTILES,39,4857,scale,poly
672,3082,1,False,JUMP,39,3510,scale,poly
673,3082,2,True,SCORE_DIST,39,3510,scale,poly
674,3082,4,True,PERCENTILES,39,3510,scale,poly
675,79,1,False,JUMP,39,3510,scale,poly
676,79,1,False,SCORE_DIST,39,3510,scale,poly
677,79,4,False,PERCENTILES,39,3510,scale,poly
678,35,3,False,JUMP,39,3096,scale,poly
679,35,3,False,SCORE_DIST,39,3096,scale,poly
680,35,4,False,PERCENTILES,39,3096,scale,poly
681,147,1,False,JUMP,39,3510,scale,poly
682,147,1,False,SCORE_DIST,39,3510,scale,poly
683,147,4,False,PERCENTILES,39,3510,scale,poly
684,3131,2,False,JUMP,39,3510,scale,poly
685,3131,2,False,SCORE_DIST,39,3510,scale,poly
686,3131,4,False,PERCENTILES,39,3510,scale,poly
687,147,1,False,JUMP,39,4857,scale,poly
688,147,1,False,SCORE_DIST,39,4857,scale,poly
689,147,4,False,PERCENTILES,39,4857,scale,poly
690,710,1,False,JUMP,39,3510,scale,poly
691,710,2,False,SCORE_DIST,39,3510,scale,poly
692,710,4,False,PERCENTILES,39,3510,scale,poly
693,308,1,False,JUMP,39,4857,scale,poly
694,308,1,False,SCORE_DIST,39,4857,scale,poly
695,308,4,False,PERCENTILES,39,4857,scale,poly
696,108,1,False,JUMP,39,3510,scale,poly
697,108,2,False,SCORE_DIST,39,3510,scale,poly
698,108,4,False,PERCENTILES,39,3510,scale,poly
699,36,1,False,JUMP,39,4857,scale,poly
700,36,1,False,SCORE_DIST,39,4857,scale,poly
701,36,4,False,PERCENTILES,39,4857,scale,poly
702,61,1,False,JUMP,39,4857,scale,poly
703,61,1,False,SCORE_DIST,39,4857,scale,poly
704,61,4,False,PERCENTILES,39,4857,scale,poly
705,98,2,False,JUMP,39,3510,scale,poly
706,98,2,False,SCORE_DIST,39,3510,scale,poly
707,98,4,False,PERCENTILES,39,3510,scale,poly
708,3203,2,False,JUMP,39,4857,scale,poly
709,3203,1,False,SCORE_DIST,39,4857,scale,poly
710,3203,4,False,PERCENTILES,39,4857,scale,poly
711,2042,1,False,JUMP,39,3510,scale,poly
712,2042,1,False,SCORE_DIST,39,3510,scale,poly
713,2042,4,False,PERCENTILES,39,3510,scale,poly
714,2358,2,False,JUMP,39,4857,scale,poly
715,2358,1,False,SCORE_DIST,39,4857,scale,poly
716,2358,4,False,PERCENTILES,39,4857,scale,poly
717,4857,1,False,JUMP,39,3510,scale,poly
718,4857,1,False,SCORE_DIST,39,3510,scale,poly
719,4857,4,True,PERCENTILES,39,3510,scale,poly
720,3082,1,False,JUMP,39,4857,scale,poly
721,3082,1,False,SCORE_DIST,39,4857,scale,poly
722,3082,4,True,PERCENTILES,39,4857,scale,poly
723,3510,1,True,JUMP,39,3510,scale,poly
724,3510,1,True,SCORE_DIST,39,3510,scale,poly
725,3510,4,True,PERCENTILES,39,3510,scale,poly
726,447,1,False,JUMP,39,4857,scale,poly
727,447,1,False,SCORE_DIST,39,4857,scale,poly
728,447,4,False,PERCENTILES,39,4857,scale,poly
729,3254,2,False,JUMP,39,4857,scale,poly
730,3254,1,False,SCORE_DIST,39,4857,scale,poly
731,3254,4,False,PERCENTILES,39,4857,scale,poly
732,147,2,False,JUMP,39,3510,scale,poly
733,147,1,False,SCORE_DIST,39,3510,scale,poly
734,147,4,False,PERCENTILES,39,3510,scale,poly
735,97,1,False,JUMP,39,3082,scale,poly
736,97,2,False,SCORE_DIST,39,3082,scale,poly
737,97,4,False,PERCENTILES,39,3082,scale,poly
738,3082,2,True,JUMP,39,4857,scale,poly
739,3082,1,False,SCORE_DIST,39,4857,scale,poly
740,3082,4,True,PERCENTILES,39,4857,scale,poly
741,3082,1,False,JUMP,39,4857,scale,poly
742,3082,1,False,SCORE_DIST,39,4857,scale,poly
743,3082,4,True,PERCENTILES,39,4857,scale,poly
744,282,1,False,JUMP,39,3510,scale,poly
745,282,1,False,SCORE_DIST,39,3510,scale,poly
746,282,4,False,PERCENTILES,39,3510,scale,poly
747,224,2,False,JUMP,39,4857,scale,poly
748,224,2,False,SCORE_DIST,39,4857,scale,poly
749,224,4,True,PERCENTILES,39,4857,scale,poly
750,77,2,False,JUMP,39,4857,scale,poly
751,77,1,False,SCORE_DIST,39,4857,scale,poly
752,77,4,False,PERCENTILES,39,4857,scale,poly
753,3082,2,False,JUMP,39,3510,scale,poly
754,3082,2,False,SCORE_DIST,39,3510,scale,poly
755,3082,4,True,PERCENTILES,39,3510,scale,poly
756,857,1,False,JUMP,39,3510,scale,poly
757,857,1,False,SCORE_DIST,39,3510,scale,poly
758,857,4,False,PERCENTILES,39,3510,scale,poly
759,79,3,False,JUMP,39,4857,scale,poly
760,79,2,False,SCORE_DIST,39,4857,scale,poly
761,79,4,False,PERCENTILES,39,4857,scale,poly
762,45,2,False,JUMP,39,4857,scale,poly
763,45,1,False,SCORE_DIST,39,4857,scale,poly
764,45,4,False,PERCENTILES,39,4857,scale,poly
765,147,3,False,JUMP,39,3510,scale,poly
766,147,2,False,SCORE_DIST,39,3510,scale,poly
767,147,4,False,PERCENTILES,39,3510,scale,poly
768,147,2,False,JUMP,39,4857,scale,poly
769,147,2,False,SCORE_DIST,39,4857,scale,poly
770,147,4,False,PERCENTILES,39,4857,scale,poly
771,282,1,False,JUMP,39,4857,scale,poly
772,282,1,False,SCORE_DIST,39,4857,scale,poly
773,282,4,False,PERCENTILES,39,4857,scale,poly
774,79,1,False,JUMP,39,4857,scale,poly
775,79,1,False,SCORE_DIST,39,4857,scale,poly
776,79,4,False,PERCENTILES,39,4857,scale,poly
777,28,1,False,JUMP,39,4857,scale,poly
778,28,1,False,SCORE_DIST,39,4857,scale,poly
779,28,4,False,PERCENTILES,39,4857,scale,poly
780,98,1,False,JUMP,39,4857,scale,poly
781,98,1,False,SCORE_DIST,39,4857,scale,poly
782,98,4,False,PERCENTILES,39,4857,scale,poly
783,3510,2,False,JUMP,39,4857,scale,poly
784,3510,1,False,SCORE_DIST,39,4857,scale,poly
785,3510,4,True,PERCENTILES,39,4857,scale,poly
786,98,2,False,JUMP,39,3510,scale,poly
787,98,2,False,SCORE_DIST,39,3510,scale,poly
788,98,4,False,PERCENTILES,39,3510,scale,poly
789,147,1,False,JUMP,39,3510,scale,poly
790,147,2,False,SCORE_DIST,39,3510,scale,poly
791,147,4,False,PERCENTILES,39,3510,scale,poly
792,4857,2,True,JUMP,39,4857,scale,poly
793,4857,1,True,SCORE_DIST,39,4857,scale,poly
794,4857,4,True,PERCENTILES,39,4857,scale,poly
795,98,1,False,JUMP,39,3510,scale,poly
796,98,2,False,SCORE_DIST,39,3510,scale,poly
797,98,4,False,PERCENTILES,39,3510,scale,poly
798,22,1,False,JUMP,39,4857,scale,poly
799,22,1,False,SCORE_DIST,39,4857,scale,poly
800,22,4,False,PERCENTILES,39,4857,scale,poly
801,98,1,False,JUMP,39,3510,scale,poly
802,98,2,False,SCORE_DIST,39,3510,scale,poly
803,98,4,False,PERCENTILES,39,3510,scale,poly
804,3082,2,False,JUMP,39,4857,scale,poly
805,3082,2,False,SCORE_DIST,39,4857,scale,poly
806,3082,4,True,PERCENTILES,39,4857,scale,poly
807,45,1,False,JUMP,39,3510,scale,poly
808,45,1,False,SCORE_DIST,39,3510,scale,poly
809,45,4,False,PERCENTILES,39,3510,scale,poly
810,22,2,False,JUMP,39,4857,scale,poly
811,22,1,False,SCORE_DIST,39,4857,scale,poly
812,22,4,False,PERCENTILES,39,4857,scale,poly
813,4857,1,True,JUMP,39,4857,scale,poly
814,4857,1,True,SCORE_DIST,39,4857,scale,poly
815,4857,4,True,PERCENTILES,39,4857,scale,poly
816,3112,1,False,JUMP,39,3082,scale,poly
817,3112,2,False,SCORE_DIST,39,3082,scale,poly
818,3112,4,False,PERCENTILES,39,3082,scale,poly
819,77,1,False,JUMP,39,4857,scale,poly
820,77,1,False,SCORE_DIST,39,4857,scale,poly
821,77,4,False,PERCENTILES,39,4857,scale,poly
822,24,1,False,JUMP,39,3510,scale,poly
823,24,1,False,SCORE_DIST,39,3510,scale,poly
824,24,4,False,PERCENTILES,39,3510,scale,poly
825,371,1,False,JUMP,39,4857,scale,poly
826,371,1,False,SCORE_DIST,39,4857,scale,poly
827,371,4,False,PERCENTILES,39,4857,scale,poly
828,3510,1,True,JUMP,39,3510,scale,poly
829,3510,1,True,SCORE_DIST,39,3510,scale,poly
830,3510,4,True,PERCENTILES,39,3510,scale,poly
831,2052,2,False,JUMP,39,4857,scale,poly
832,2052,1,False,SCORE_DIST,39,4857,scale,poly
833,2052,4,False,PERCENTILES,39,4857,scale,poly
834,147,2,False,JUMP,39,3510,scale,poly
835,147,1,False,SCORE_DIST,39,3510,scale,poly
836,147,4,False,PERCENTILES,39,3510,scale,poly
837,3082,1,False,JUMP,39,4857,scale,poly
838,3082,1,False,SCORE_DIST,39,4857,scale,poly
839,3082,4,True,PERCENTILES,39,4857,scale,poly
840,98,1,False,JUMP,39,4857,scale,poly
841,98,1,False,SCORE_DIST,39,4857,scale,poly
842,98,4,False,PERCENTILES,39,4857,scale,poly
843,2358,2,False,JUMP,39,4857,scale,poly
844,2358,1,False,SCORE_DIST,39,4857,scale,poly
845,2358,4,False,PERCENTILES,39,4857,scale,poly
846,22,2,False,JUMP,39,3082,scale,poly
847,22,2,False,SCORE_DIST,39,3082,scale,poly
848,22,4,False,PERCENTILES,39,3082,scale,poly
849,224,1,False,JUMP,39,4857,scale,poly
850,224,1,False,SCORE_DIST,39,4857,scale,poly
851,224,4,True,PERCENTILES,39,4857,scale,poly
852,79,2,False,JUMP,39,4857,scale,poly
853,79,1,False,SCORE_DIST,39,4857,scale,poly
854,79,4,False,PERCENTILES,39,4857,scale,poly
855,3510,2,True,JUMP,39,4857,scale,poly
856,3510,1,False,SCORE_DIST,39,4857,scale,poly
857,3510,4,True,PERCENTILES,39,4857,scale,poly
858,710,2,False,JUMP,39,4857,scale,poly
859,710,1,False,SCORE_DIST,39,4857,scale,poly
860,710,4,False,PERCENTILES,39,4857,scale,poly
861,371,2,False,JUMP,39,3510,scale,poly
862,371,2,False,SCORE_DIST,39,3510,scale,poly
863,371,4,False,PERCENTILES,39,3510,scale,poly
864,22,1,False,JUMP,39,3510,scale,poly
865,22,1,False,SCORE_DIST,39,3510,scale,poly
866,22,4,False,PERCENTILES,39,3510,scale,poly
867,147,2,False,JUMP,39,3510,scale,poly
868,147,3,False,SCORE_DIST,39,3510,scale,poly
869,147,4,False,PERCENTILES,39,3510,scale,poly
870,257,1,False,JUMP,39,4857,scale,poly
871,257,1,False,SCORE_DIST,39,4857,scale,poly
872,257,4,False,PERCENTILES,39,4857,scale,poly
873,3112,2,False,JUMP,39,3510,scale,poly
874,3112,2,False,SCORE_DIST,39,3510,scale,poly
875,3112,4,False,PERCENTILES,39,3510,scale,poly
876,147,1,False,JUMP,39,3510,scale,poly
877,147,1,False,SCORE_DIST,39,3510,scale,poly
878,147,4,False,PERCENTILES,39,3510,scale,poly
879,147,2,False,JUMP,39,4857,scale,poly
880,147,2,False,SCORE_DIST,39,4857,scale,poly
881,147,4,False,PERCENTILES,39,4857,scale,poly
882,147,1,False,JUMP,39,3082,scale,poly
883,147,1,False,SCORE_DIST,39,3082,scale,poly
884,147,4,False,PERCENTILES,39,3082,scale,poly
885,3096,1,False,JUMP,39,3510,scale,poly
886,3096,2,False,SCORE_DIST,39,3510,scale,poly
887,3096,4,True,PERCENTILES,39,3510,scale,poly
888,35,2,False,JUMP,39,4857,scale,poly
889,35,2,False,SCORE_DIST,39,4857,scale,poly
890,35,4,False,PERCENTILES,39,4857,scale,poly
891,2358,1,True,JUMP,39,2358,scale,poly
892,2358,1,True,SCORE_DIST,39,2358,scale,poly
893,2358,4,True,PERCENTILES,39,2358,scale,poly
894,3096,1,False,JUMP,39,4857,scale,poly
895,3096,1,False,SCORE_DIST,39,4857,scale,poly
896,3096,4,False,PERCENTILES,39,4857,scale,poly
897,98,1,False,JUMP,39,4857,scale,poly
898,98,1,False,SCORE_DIST,39,4857,scale,poly
899,98,4,False,PERCENTILES,39,4857,scale,poly
900,257,1,False,JUMP,39,4857,scale,poly
901,257,1,False,SCORE_DIST,39,4857,scale,poly
902,257,4,False,PERCENTILES,39,4857,scale,poly
903,2162,2,False,JUMP,39,3510,scale,poly
904,2162,1,False,SCORE_DIST,39,3510,scale,poly
905,2162,4,False,PERCENTILES,39,3510,scale,poly
906,710,1,False,JUMP,39,3510,scale,poly
907,710,1,False,SCORE_DIST,39,3510,scale,poly
908,710,4,False,PERCENTILES,39,3510,scale,poly
909,28,2,False,JUMP,39,4857,scale,poly
910,28,1,False,SCORE_DIST,39,4857,scale,poly
911,28,4,False,PERCENTILES,39,4857,scale,poly
912,224,1,False,JUMP,39,4857,scale,poly
913,224,1,False,SCORE_DIST,39,4857,scale,poly
914,224,4,True,PERCENTILES,39,4857,scale,poly
915,2162,2,False,JUMP,39,4857,scale,poly
916,2162,1,False,SCORE_DIST,39,4857,scale,poly
917,2162,4,False,PERCENTILES,39,4857,scale,poly
918,147,1,True,JUMP,39,147,scale,rbf
919,147,1,True,SCORE_DIST,39,147,scale,rbf
920,147,4,True,PERCENTILES,39,147,scale,rbf
921,97,1,False,JUMP,39,147,scale,rbf
922,97,1,False,SCORE_DIST,39,147,scale,rbf
923,97,4,False,PERCENTILES,39,147,scale,rbf
924,45,1,False,JUMP,39,710,scale,rbf
925,45,2,False,SCORE_DIST,39,710,scale,rbf
926,45,4,False,PERCENTILES,39,710,scale,rbf
927,85,1,False,JUMP,39,147,scale,rbf
928,85,1,False,SCORE_DIST,39,147,scale,rbf
929,85,4,False,PERCENTILES,39,147,scale,rbf
930,4857,1,True,JUMP,39,4857,scale,rbf
931,4857,1,True,SCORE_DIST,39,4857,scale,rbf
932,4857,4,True,PERCENTILES,39,4857,scale,rbf
933,147,1,False,JUMP,39,3510,scale,rbf
934,147,2,False,SCORE_DIST,39,3510,scale,rbf
935,147,4,False,PERCENTILES,39,3510,scale,rbf
936,3254,1,False,JUMP,39,3082,scale,rbf
937,3254,1,False,SCORE_DIST,39,3082,scale,rbf
938,3254,4,False,PERCENTILES,39,3082,scale,rbf
939,710,1,False,JUMP,39,3082,scale,rbf
940,710,1,False,SCORE_DIST,39,3082,scale,rbf
941,710,4,True,PERCENTILES,39,3082,scale,rbf
942,147,1,True,JUMP,39,147,scale,rbf
943,147,1,True,SCORE_DIST,39,147,scale,rbf
944,147,4,True,PERCENTILES,39,147,scale,rbf
945,3510,1,False,JUMP,39,98,scale,rbf
946,3510,1,False,SCORE_DIST,39,98,scale,rbf
947,3510,4,True,PERCENTILES,39,98,scale,rbf
948,2358,1,False,JUMP,39,147,scale,rbf
949,2358,2,False,SCORE_DIST,39,147,scale,rbf
950,2358,4,False,PERCENTILES,39,147,scale,rbf
951,79,1,False,JUMP,39,147,scale,rbf
952,79,1,False,SCORE_DIST,39,147,scale,rbf
953,79,4,True,PERCENTILES,39,147,scale,rbf
954,98,1,True,JUMP,39,98,scale,rbf
955,98,1,True,SCORE_DIST,39,98,scale,rbf
956,98,4,True,PERCENTILES,39,98,scale,rbf
957,85,2,False,JUMP,39,98,scale,rbf
958,85,1,False,SCORE_DIST,39,98,scale,rbf
959,85,4,False,PERCENTILES,39,98,scale,rbf
960,3203,3,False,JUMP,39,98,scale,rbf
961,3203,1,False,SCORE_DIST,39,98,scale,rbf
962,3203,4,False,PERCENTILES,39,98,scale,rbf
963,147,1,False,JUMP,39,98,scale,rbf
964,147,1,False,SCORE_DIST,39,98,scale,rbf
965,147,4,False,PERCENTILES,39,98,scale,rbf
966,3112,4,False,JUMP,39,3510,scale,rbf
967,3112,2,False,SCORE_DIST,39,3510,scale,rbf
968,3112,4,False,PERCENTILES,39,3510,scale,rbf
969,86,1,False,JUMP,39,98,scale,rbf
970,86,1,False,SCORE_DIST,39,98,scale,rbf
971,86,4,False,PERCENTILES,39,98,scale,rbf
972,147,1,True,JUMP,39,147,scale,rbf
973,147,1,True,SCORE_DIST,39,147,scale,rbf
974,147,4,True,PERCENTILES,39,147,scale,rbf
975,98,1,True,JUMP,39,98,scale,rbf
976,98,2,True,SCORE_DIST,39,98,scale,rbf
977,98,4,True,PERCENTILES,39,98,scale,rbf
978,601,2,False,JUMP,39,3510,scale,rbf
979,601,1,False,SCORE_DIST,39,3510,scale,rbf
980,601,4,False,PERCENTILES,39,3510,scale,rbf
981,28,1,False,JUMP,39,147,scale,rbf
982,28,1,False,SCORE_DIST,39,147,scale,rbf
983,28,4,False,PERCENTILES,39,147,scale,rbf
984,147,1,True,JUMP,39,147,scale,rbf
985,147,1,True,SCORE_DIST,39,147,scale,rbf
986,147,4,True,PERCENTILES,39,147,scale,rbf
987,3082,1,False,JUMP,39,147,scale,rbf
988,3082,1,False,SCORE_DIST,39,147,scale,rbf
989,3082,4,True,PERCENTILES,39,147,scale,rbf
990,2390,3,False,JUMP,39,3082,scale,rbf
991,2390,3,False,SCORE_DIST,39,3082,scale,rbf
992,2390,4,False,PERCENTILES,39,3082,scale,rbf
993,98,1,False,JUMP,39,4857,scale,rbf
994,98,1,False,SCORE_DIST,39,4857,scale,rbf
995,98,4,True,PERCENTILES,39,4857,scale,rbf
996,224,1,False,JUMP,39,3082,scale,rbf
997,224,1,False,SCORE_DIST,39,3082,scale,rbf
998,224,4,True,PERCENTILES,39,3082,scale,rbf
999,28,1,False,JUMP,39,3082,scale,rbf
1000,28,1,False,SCORE_DIST,39,3082,scale,rbf
1001,28,4,False,PERCENTILES,39,3082,scale,rbf
1002,147,1,True,JUMP,39,147,scale,rbf
1003,147,1,True,SCORE_DIST,39,147,scale,rbf
1004,147,4,True,PERCENTILES,39,147,scale,rbf
1005,308,1,False,JUMP,39,147,scale,rbf
1006,308,1,False,SCORE_DIST,39,147,scale,rbf
1007,308,4,False,PERCENTILES,39,147,scale,rbf
1008,147,2,False,JUMP,39,98,scale,rbf
1009,147,2,False,SCORE_DIST,39,98,scale,rbf
1010,147,4,True,PERCENTILES,39,98,scale,rbf
1011,710,1,False,JUMP,39,3082,scale,rbf
1012,710,1,False,SCORE_DIST,39,3082,scale,rbf
1013,710,4,True,PERCENTILES,39,3082,scale,rbf
1014,98,1,True,JUMP,39,98,scale,rbf
1015,98,1,True,SCORE_DIST,39,98,scale,rbf
1016,98,4,True,PERCENTILES,39,98,scale,rbf
1017,98,1,True,JUMP,39,98,scale,rbf
1018,98,1,True,SCORE_DIST,39,98,scale,rbf
1019,98,4,True,PERCENTILES,39,98,scale,rbf
1020,224,1,False,JUMP,39,147,scale,rbf
1021,224,2,False,SCORE_DIST,39,147,scale,rbf
1022,224,4,True,PERCENTILES,39,147,scale,rbf
1023,601,2,False,JUMP,39,3510,scale,rbf
1024,601,1,False,SCORE_DIST,39,3510,scale,rbf
1025,601,4,False,PERCENTILES,39,3510,scale,rbf
1026,3112,1,False,JUMP,39,98,scale,rbf
1027,3112,1,False,SCORE_DIST,39,98,scale,rbf
1028,3112,4,True,PERCENTILES,39,98,scale,rbf
1029,98,1,False,JUMP,39,224,scale,rbf
1030,98,1,False,SCORE_DIST,39,224,scale,rbf
1031,98,4,True,PERCENTILES,39,224,scale,rbf
1032,251,1,False,JUMP,39,98,scale,rbf
1033,251,1,False,SCORE_DIST,39,98,scale,rbf
1034,251,4,False,PERCENTILES,39,98,scale,rbf
1035,3202,1,False,JUMP,39,98,scale,rbf
1036,3202,1,False,SCORE_DIST,39,98,scale,rbf
1037,3202,4,False,PERCENTILES,39,98,scale,rbf
1038,3112,1,False,JUMP,39,98,scale,rbf
1039,3112,1,False,SCORE_DIST,39,98,scale,rbf
1040,3112,4,True,PERCENTILES,39,98,scale,rbf
1041,98,1,True,JUMP,39,98,scale,rbf
1042,98,1,True,SCORE_DIST,39,98,scale,rbf
1043,98,4,True,PERCENTILES,39,98,scale,rbf
1044,710,1,False,JUMP,39,3082,scale,rbf
1045,710,1,False,SCORE_DIST,39,3082,scale,rbf
1046,710,4,True,PERCENTILES,39,3082,scale,rbf
1047,24,1,False,JUMP,39,147,scale,rbf
1048,24,1,False,SCORE_DIST,39,147,scale,rbf
1049,24,4,False,PERCENTILES,39,147,scale,rbf
1050,22,1,False,JUMP,39,98,scale,rbf
1051,22,1,False,SCORE_DIST,39,98,scale,rbf
1052,22,4,False,PERCENTILES,39,98,scale,rbf
1053,3112,1,False,JUMP,39,98,scale,rbf
1054,3112,1,False,SCORE_DIST,39,98,scale,rbf
1055,3112,4,False,PERCENTILES,39,98,scale,rbf
1056,61,1,False,JUMP,39,147,scale,rbf
1057,61,1,False,SCORE_DIST,39,147,scale,rbf
1058,61,4,False,PERCENTILES,39,147,scale,rbf
1059,2052,1,False,JUMP,39,224,scale,rbf
1060,2052,1,False,SCORE_DIST,39,224,scale,rbf
1061,2052,4,False,PERCENTILES,39,224,scale,rbf
1062,3112,1,False,JUMP,39,147,scale,rbf
1063,3112,1,False,SCORE_DIST,39,147,scale,rbf
1064,3112,4,True,PERCENTILES,39,147,scale,rbf
1065,147,1,True,JUMP,39,147,scale,rbf
1066,147,1,True,SCORE_DIST,39,147,scale,rbf
1067,147,4,True,PERCENTILES,39,147,scale,rbf
1068,4857,1,False,JUMP,39,98,scale,rbf
1069,4857,1,False,SCORE_DIST,39,98,scale,rbf
1070,4857,4,False,PERCENTILES,39,98,scale,rbf
1071,22,1,False,JUMP,39,147,scale,rbf
1072,22,1,False,SCORE_DIST,39,147,scale,rbf
1073,22,4,False,PERCENTILES,39,147,scale,rbf
1074,61,1,False,JUMP,39,147,scale,rbf
1075,61,1,False,SCORE_DIST,39,147,scale,rbf
1076,61,4,False,PERCENTILES,39,147,scale,rbf
1077,3096,1,False,JUMP,39,3082,scale,rbf
1078,3096,1,False,SCORE_DIST,39,3082,scale,rbf
1079,3096,4,False,PERCENTILES,39,3082,scale,rbf
1080,3082,1,True,JUMP,39,3082,scale,rbf
1081,3082,1,True,SCORE_DIST,39,3082,scale,rbf
1082,3082,4,True,PERCENTILES,39,3082,scale,rbf
1083,147,1,True,JUMP,39,147,scale,rbf
1084,147,1,True,SCORE_DIST,39,147,scale,rbf
1085,147,4,True,PERCENTILES,39,147,scale,rbf
1086,4857,1,False,JUMP,39,98,scale,rbf
1087,4857,2,False,SCORE_DIST,39,98,scale,rbf
1088,4857,4,False,PERCENTILES,39,98,scale,rbf
1089,3082,1,False,JUMP,39,4857,scale,rbf
1090,3082,1,False,SCORE_DIST,39,4857,scale,rbf
1091,3082,4,True,PERCENTILES,39,4857,scale,rbf
1092,147,1,True,JUMP,39,147,scale,rbf
1093,147,1,True,SCORE_DIST,39,147,scale,rbf
1094,147,4,True,PERCENTILES,39,147,scale,rbf
1095,4857,1,False,JUMP,39,98,scale,rbf
1096,4857,1,False,SCORE_DIST,39,98,scale,rbf
1097,4857,4,False,PERCENTILES,39,98,scale,rbf
1098,447,1,False,JUMP,39,98,scale,rbf
1099,447,1,False,SCORE_DIST,39,98,scale,rbf
1100,447,4,False,PERCENTILES,39,98,scale,rbf
1101,3082,1,True,JUMP,39,3082,scale,rbf
1102,3082,1,True,SCORE_DIST,39,3082,scale,rbf
1103,3082,4,True,PERCENTILES,39,3082,scale,rbf
1104,3510,1,True,JUMP,39,3510,scale,rbf
1105,3510,2,True,SCORE_DIST,39,3510,scale,rbf
1106,3510,4,True,PERCENTILES,39,3510,scale,rbf
1107,710,5,True,JUMP,39,710,scale,rbf
1108,710,2,True,SCORE_DIST,39,710,scale,rbf
1109,710,4,True,PERCENTILES,39,710,scale,rbf
1110,147,1,True,JUMP,39,147,scale,rbf
1111,147,1,True,SCORE_DIST,39,147,scale,rbf
1112,147,4,True,PERCENTILES,39,147,scale,rbf
1113,3202,1,False,JUMP,39,147,scale,rbf
1114,3202,1,False,SCORE_DIST,39,147,scale,rbf
1115,3202,4,False,PERCENTILES,39,147,scale,rbf
1116,2052,1,False,JUMP,39,147,scale,rbf
1117,2052,1,False,SCORE_DIST,39,147,scale,rbf
1118,2052,4,False,PERCENTILES,39,147,scale,rbf
1119,3510,1,False,JUMP,39,98,scale,rbf
1120,3510,1,False,SCORE_DIST,39,98,scale,rbf
1121,3510,4,False,PERCENTILES,39,98,scale,rbf
1122,224,1,False,JUMP,39,98,scale,rbf
1123,224,1,False,SCORE_DIST,39,98,scale,rbf
1124,224,4,True,PERCENTILES,39,98,scale,rbf
1125,3510,2,True,JUMP,39,3510,scale,rbf
1126,3510,2,True,SCORE_DIST,39,3510,scale,rbf
1127,3510,4,True,PERCENTILES,39,3510,scale,rbf
1128,4857,2,True,JUMP,39,224,scale,rbf
1129,4857,2,True,SCORE_DIST,39,224,scale,rbf
1130,4857,4,True,PERCENTILES,39,224,scale,rbf
1131,3082,3,False,JUMP,39,98,scale,rbf
1132,3082,1,False,SCORE_DIST,39,98,scale,rbf
1133,3082,4,False,PERCENTILES,39,98,scale,rbf
1134,79,1,False,JUMP,39,98,scale,rbf
1135,79,1,False,SCORE_DIST,39,98,scale,rbf
1136,79,4,False,PERCENTILES,39,98,scale,rbf
1137,35,1,False,JUMP,39,147,scale,rbf
1138,35,1,False,SCORE_DIST,39,147,scale,rbf
1139,35,4,False,PERCENTILES,39,147,scale,rbf
1140,147,1,True,JUMP,39,147,scale,rbf
1141,147,1,True,SCORE_DIST,39,147,scale,rbf
1142,147,4,True,PERCENTILES,39,147,scale,rbf
1143,3131,3,False,JUMP,39,98,scale,rbf
1144,3131,2,False,SCORE_DIST,39,98,scale,rbf
1145,3131,4,False,PERCENTILES,39,98,scale,rbf
1146,147,1,True,JUMP,39,147,scale,rbf
1147,147,1,True,SCORE_DIST,39,147,scale,rbf
1148,147,4,True,PERCENTILES,39,147,scale,rbf
1149,710,1,False,JUMP,39,98,scale,rbf
1150,710,1,False,SCORE_DIST,39,98,scale,rbf
1151,710,4,True,PERCENTILES,39,98,scale,rbf
1152,308,2,False,JUMP,39,147,scale,rbf
1153,308,1,False,SCORE_DIST,39,147,scale,rbf
1154,308,4,False,PERCENTILES,39,147,scale,rbf
1155,108,1,False,JUMP,39,147,scale,rbf
1156,108,1,False,SCORE_DIST,39,147,scale,rbf
1157,108,4,False,PERCENTILES,39,147,scale,rbf
1158,36,1,False,JUMP,39,98,scale,rbf
1159,36,1,False,SCORE_DIST,39,98,scale,rbf
1160,36,4,False,PERCENTILES,39,98,scale,rbf
1161,61,1,False,JUMP,39,147,scale,rbf
1162,61,1,False,SCORE_DIST,39,147,scale,rbf
1163,61,4,False,PERCENTILES,39,147,scale,rbf
1164,98,1,True,JUMP,39,98,scale,rbf
1165,98,1,True,SCORE_DIST,39,98,scale,rbf
1166,98,4,True,PERCENTILES,39,98,scale,rbf
1167,3203,1,False,JUMP,39,3510,scale,rbf
1168,3203,1,False,SCORE_DIST,39,3510,scale,rbf
1169,3203,4,False,PERCENTILES,39,3510,scale,rbf
1170,2042,1,False,JUMP,39,98,scale,rbf
1171,2042,1,False,SCORE_DIST,39,98,scale,rbf
1172,2042,4,False,PERCENTILES,39,98,scale,rbf
1173,2358,1,False,JUMP,39,22,scale,rbf
1174,2358,2,False,SCORE_DIST,39,22,scale,rbf
1175,2358,4,False,PERCENTILES,39,22,scale,rbf
1176,4857,1,False,JUMP,39,147,scale,rbf
1177,4857,1,False,SCORE_DIST,39,147,scale,rbf
1178,4857,4,False,PERCENTILES,39,147,scale,rbf
1179,3082,1,True,JUMP,39,3082,scale,rbf
1180,3082,1,True,SCORE_DIST,39,3082,scale,rbf
1181,3082,4,True,PERCENTILES,39,3082,scale,rbf
1182,3510,1,False,JUMP,39,147,scale,rbf
1183,3510,1,False,SCORE_DIST,39,147,scale,rbf
1184,3510,4,True,PERCENTILES,39,147,scale,rbf
1185,447,1,False,JUMP,39,4857,scale,rbf
1186,447,1,False,SCORE_DIST,39,4857,scale,rbf
1187,447,4,False,PERCENTILES,39,4857,scale,rbf
1188,3254,1,False,JUMP,39,3510,scale,rbf
1189,3254,1,False,SCORE_DIST,39,3510,scale,rbf
1190,3254,4,False,PERCENTILES,39,3510,scale,rbf
1191,147,1,True,JUMP,39,147,scale,rbf
1192,147,1,True,SCORE_DIST,39,147,scale,rbf
1193,147,4,True,PERCENTILES,39,147,scale,rbf
1194,97,1,False,JUMP,39,224,scale,rbf
1195,97,1,False,SCORE_DIST,39,224,scale,rbf
1196,97,4,False,PERCENTILES,39,224,scale,rbf
1197,3082,2,True,JUMP,39,3082,scale,rbf
1198,3082,2,True,SCORE_DIST,39,3082,scale,rbf
1199,3082,4,True,PERCENTILES,39,3082,scale,rbf
1200,3082,2,True,JUMP,39,3082,scale,rbf
1201,3082,2,True,SCORE_DIST,39,3082,scale,rbf
1202,3082,4,True,PERCENTILES,39,3082,scale,rbf
1203,282,1,False,JUMP,39,98,scale,rbf
1204,282,1,False,SCORE_DIST,39,98,scale,rbf
1205,282,4,False,PERCENTILES,39,98,scale,rbf
1206,224,2,True,JUMP,39,224,scale,rbf
1207,224,1,True,SCORE_DIST,39,224,scale,rbf
1208,224,4,True,PERCENTILES,39,224,scale,rbf
1209,77,1,False,JUMP,39,710,scale,rbf
1210,77,1,False,SCORE_DIST,39,710,scale,rbf
1211,77,4,False,PERCENTILES,39,710,scale,rbf
1212,3082,1,False,JUMP,39,147,scale,rbf
1213,3082,1,False,SCORE_DIST,39,147,scale,rbf
1214,3082,4,False,PERCENTILES,39,147,scale,rbf
1215,857,1,False,JUMP,39,98,scale,rbf
1216,857,1,False,SCORE_DIST,39,98,scale,rbf
1217,857,4,False,PERCENTILES,39,98,scale,rbf
1218,79,1,False,JUMP,39,3510,scale,rbf
1219,79,1,False,SCORE_DIST,39,3510,scale,rbf
1220,79,4,False,PERCENTILES,39,3510,scale,rbf
1221,45,1,False,JUMP,39,98,scale,rbf
1222,45,1,False,SCORE_DIST,39,98,scale,rbf
1223,45,4,False,PERCENTILES,39,98,scale,rbf
1224,147,1,True,JUMP,39,147,scale,rbf
1225,147,1,True,SCORE_DIST,39,147,scale,rbf
1226,147,4,True,PERCENTILES,39,147,scale,rbf
1227,147,1,True,JUMP,39,147,scale,rbf
1228,147,1,True,SCORE_DIST,39,147,scale,rbf
1229,147,4,True,PERCENTILES,39,147,scale,rbf
1230,282,1,False,JUMP,39,3082,scale,rbf
1231,282,1,False,SCORE_DIST,39,3082,scale,rbf
1232,282,4,False,PERCENTILES,39,3082,scale,rbf
1233,79,1,False,JUMP,39,4857,scale,rbf
1234,79,1,False,SCORE_DIST,39,4857,scale,rbf
1235,79,4,False,PERCENTILES,39,4857,scale,rbf
1236,28,1,False,JUMP,39,4857,scale,rbf
1237,28,1,False,SCORE_DIST,39,4857,scale,rbf
1238,28,4,False,PERCENTILES,39,4857,scale,rbf
1239,98,1,True,JUMP,39,98,scale,rbf
1240,98,1,True,SCORE_DIST,39,98,scale,rbf
1241,98,4,True,PERCENTILES,39,98,scale,rbf
1242,3510,1,False,JUMP,39,147,scale,rbf
1243,3510,1,False,SCORE_DIST,39,147,scale,rbf
1244,3510,4,True,PERCENTILES,39,147,scale,rbf
1245,98,1,True,JUMP,39,98,scale,rbf
1246,98,1,True,SCORE_DIST,39,98,scale,rbf
1247,98,4,True,PERCENTILES,39,98,scale,rbf
1248,147,1,True,JUMP,39,147,scale,rbf
1249,147,1,True,SCORE_DIST,39,147,scale,rbf
1250,147,4,True,PERCENTILES,39,147,scale,rbf
1251,4857,1,False,JUMP,39,98,scale,rbf
1252,4857,1,False,SCORE_DIST,39,98,scale,rbf
1253,4857,4,True,PERCENTILES,39,98,scale,rbf
1254,98,1,True,JUMP,39,98,scale,rbf
1255,98,1,True,SCORE_DIST,39,98,scale,rbf
1256,98,4,True,PERCENTILES,39,98,scale,rbf
1257,22,1,False,JUMP,39,147,scale,rbf
1258,22,1,False,SCORE_DIST,39,147,scale,rbf
1259,22,4,True,PERCENTILES,39,147,scale,rbf
1260,98,1,False,JUMP,39,147,scale,rbf
1261,98,1,False,SCORE_DIST,39,147,scale,rbf
1262,98,4,True,PERCENTILES,39,147,scale,rbf
1263,3082,1,False,JUMP,39,147,scale,rbf
1264,3082,1,False,SCORE_DIST,39,147,scale,rbf
1265,3082,4,False,PERCENTILES,39,147,scale,rbf
1266,45,1,False,JUMP,39,98,scale,rbf
1267,45,1,False,SCORE_DIST,39,98,scale,rbf
1268,45,4,False,PERCENTILES,39,98,scale,rbf
1269,22,1,False,JUMP,39,98,scale,rbf
1270,22,1,False,SCORE_DIST,39,98,scale,rbf
1271,22,4,False,PERCENTILES,39,98,scale,rbf
1272,4857,1,False,JUMP,39,710,scale,rbf
1273,4857,1,False,SCORE_DIST,39,710,scale,rbf
1274,4857,4,False,PERCENTILES,39,710,scale,rbf
1275,3112,4,False,JUMP,39,710,scale,rbf
1276,3112,2,False,SCORE_DIST,39,710,scale,rbf
1277,3112,4,False,PERCENTILES,39,710,scale,rbf
1278,77,1,False,JUMP,39,3082,scale,rbf
1279,77,1,False,SCORE_DIST,39,3082,scale,rbf
1280,77,4,False,PERCENTILES,39,3082,scale,rbf
1281,24,1,False,JUMP,39,98,scale,rbf
1282,24,1,False,SCORE_DIST,39,98,scale,rbf
1283,24,4,False,PERCENTILES,39,98,scale,rbf
1284,371,1,False,JUMP,39,3082,scale,rbf
1285,371,1,False,SCORE_DIST,39,3082,scale,rbf
1286,371,4,False,PERCENTILES,39,3082,scale,rbf
1287,3510,1,True,JUMP,39,3510,scale,rbf
1288,3510,1,True,SCORE_DIST,39,3510,scale,rbf
1289,3510,4,True,PERCENTILES,39,3510,scale,rbf
1290,2052,2,False,JUMP,39,224,scale,rbf
1291,2052,1,False,SCORE_DIST,39,224,scale,rbf
1292,2052,4,False,PERCENTILES,39,224,scale,rbf
1293,147,1,True,JUMP,39,147,scale,rbf
1294,147,1,True,SCORE_DIST,39,147,scale,rbf
1295,147,4,True,PERCENTILES,39,147,scale,rbf
1296,3082,1,True,JUMP,39,3082,scale,rbf
1297,3082,1,True,SCORE_DIST,39,3082,scale,rbf
1298,3082,4,True,PERCENTILES,39,3082,scale,rbf
1299,98,1,False,JUMP,39,4857,scale,rbf
1300,98,1,False,SCORE_DIST,39,4857,scale,rbf
1301,98,4,True,PERCENTILES,39,4857,scale,rbf
1302,2358,2,False,JUMP,39,710,scale,rbf
1303,2358,1,False,SCORE_DIST,39,710,scale,rbf
1304,2358,4,True,PERCENTILES,39,710,scale,rbf
1305,22,1,False,JUMP,39,147,scale,rbf
1306,22,2,False,SCORE_DIST,39,147,scale,rbf
1307,22,4,True,PERCENTILES,39,147,scale,rbf
1308,224,1,False,JUMP,39,4857,scale,rbf
1309,224,1,False,SCORE_DIST,39,4857,scale,rbf
1310,224,4,False,PERCENTILES,39,4857,scale,rbf
1311,79,1,False,JUMP,39,147,scale,rbf
1312,79,1,False,SCORE_DIST,39,147,scale,rbf
1313,79,4,False,PERCENTILES,39,147,scale,rbf
1314,3510,1,False,JUMP,39,147,scale,rbf
1315,3510,2,True,SCORE_DIST,39,147,scale,rbf
1316,3510,4,True,PERCENTILES,39,147,scale,rbf
1317,710,1,False,JUMP,39,3082,scale,rbf
1318,710,1,False,SCORE_DIST,39,3082,scale,rbf
1319,710,4,True,PERCENTILES,39,3082,scale,rbf
1320,371,1,False,JUMP,39,98,scale,rbf
1321,371,1,False,SCORE_DIST,39,98,scale,rbf
1322,371,4,False,PERCENTILES,39,98,scale,rbf
1323,22,6,True,JUMP,39,3112,scale,rbf
1324,22,1,False,SCORE_DIST,39,3112,scale,rbf
1325,22,4,False,PERCENTILES,39,3112,scale,rbf
1326,147,1,True,JUMP,39,147,scale,rbf
1327,147,1,True,SCORE_DIST,39,147,scale,rbf
1328,147,4,True,PERCENTILES,39,147,scale,rbf
1329,257,1,False,JUMP,39,3082,scale,rbf
1330,257,1,False,SCORE_DIST,39,3082,scale,rbf
1331,257,4,False,PERCENTILES,39,3082,scale,rbf
1332,3112,3,True,JUMP,39,98,scale,rbf
1333,3112,2,True,SCORE_DIST,39,98,scale,rbf
1334,3112,4,True,PERCENTILES,39,98,scale,rbf
1335,147,1,True,JUMP,39,147,scale,rbf
1336,147,1,True,SCORE_DIST,39,147,scale,rbf
1337,147,4,True,PERCENTILES,39,147,scale,rbf
1338,147,1,True,JUMP,39,147,scale,rbf
1339,147,1,True,SCORE_DIST,39,147,scale,rbf
1340,147,4,True,PERCENTILES,39,147,scale,rbf
1341,147,4,True,JUMP,39,79,scale,rbf
1342,147,2,True,SCORE_DIST,39,79,scale,rbf
1343,147,4,True,PERCENTILES,39,79,scale,rbf
1344,3096,1,False,JUMP,39,98,scale,rbf
1345,3096,1,False,SCORE_DIST,39,98,scale,rbf
1346,3096,4,True,PERCENTILES,39,98,scale,rbf
1347,35,1,False,JUMP,39,147,scale,rbf
1348,35,1,False,SCORE_DIST,39,147,scale,rbf
1349,35,4,False,PERCENTILES,39,147,scale,rbf
1350,2358,1,True,JUMP,39,2358,scale,rbf
1351,2358,1,True,SCORE_DIST,39,2358,scale,rbf
1352,2358,4,True,PERCENTILES,39,2358,scale,rbf
1353,3096,1,False,JUMP,39,98,scale,rbf
1354,3096,1,False,SCORE_DIST,39,98,scale,rbf
1355,3096,4,False,PERCENTILES,39,98,scale,rbf
1356,98,1,False,JUMP,39,4857,scale,rbf
1357,98,1,False,SCORE_DIST,39,4857,scale,rbf
1358,98,4,True,PERCENTILES,39,4857,scale,rbf
1359,257,37,True,JUMP,39,147,scale,rbf
1360,257,2,False,SCORE_DIST,39,147,scale,rbf
1361,257,4,False,PERCENTILES,39,147,scale,rbf
1362,2162,1,False,JUMP,39,98,scale,rbf
1363,2162,1,False,SCORE_DIST,39,98,scale,rbf
1364,2162,4,False,PERCENTILES,39,98,scale,rbf
1365,710,1,False,JUMP,39,98,scale,rbf
1366,710,1,False,SCORE_DIST,39,98,scale,rbf
1367,710,4,True,PERCENTILES,39,98,scale,rbf
1368,28,1,False,JUMP,39,147,scale,rbf
1369,28,1,False,SCORE_DIST,39,147,scale,rbf
1370,28,4,True,PERCENTILES,39,147,scale,rbf
1371,224,1,False,JUMP,39,98,scale,rbf
1372,224,1,False,SCORE_DIST,39,98,scale,rbf
1373,224,4,True,PERCENTILES,39,98,scale,rbf
1374,2162,1,False,JUMP,39,98,scale,rbf
1375,2162,1,False,SCORE_DIST,39,98,scale,rbf
1376,2162,4,False,PERCENTILES,39,98,scale,rbf
1377,147,1,True,JUMP,39,147,scale,sigmoid
1378,147,1,True,SCORE_DIST,39,147,scale,sigmoid
1379,147,4,True,PERCENTILES,39,147,scale,sigmoid
1380,97,1,False,JUMP,39,147,scale,sigmoid
1381,97,1,False,SCORE_DIST,39,147,scale,sigmoid
1382,97,4,False,PERCENTILES,39,147,scale,sigmoid
1383,45,8,False,JUMP,39,147,scale,sigmoid
1384,45,3,False,SCORE_DIST,39,147,scale,sigmoid
1385,45,4,False,PERCENTILES,39,147,scale,sigmoid
1386,85,1,False,JUMP,39,147,scale,sigmoid
1387,85,1,False,SCORE_DIST,39,147,scale,sigmoid
1388,85,4,False,PERCENTILES,39,147,scale,sigmoid
1389,4857,1,True,JUMP,39,4857,scale,sigmoid
1390,4857,1,True,SCORE_DIST,39,4857,scale,sigmoid
1391,4857,4,True,PERCENTILES,39,4857,scale,sigmoid
1392,147,1,False,JUMP,39,79,scale,sigmoid
1393,147,1,False,SCORE_DIST,39,79,scale,sigmoid
1394,147,4,False,PERCENTILES,39,79,scale,sigmoid
1395,3254,1,False,JUMP,39,3082,scale,sigmoid
1396,3254,1,False,SCORE_DIST,39,3082,scale,sigmoid
1397,3254,4,False,PERCENTILES,39,3082,scale,sigmoid
1398,710,1,False,JUMP,39,3082,scale,sigmoid
1399,710,1,False,SCORE_DIST,39,3082,scale,sigmoid
1400,710,4,True,PERCENTILES,39,3082,scale,sigmoid
1401,147,1,True,JUMP,39,147,scale,sigmoid
1402,147,1,True,SCORE_DIST,39,147,scale,sigmoid
1403,147,4,True,PERCENTILES,39,147,scale,sigmoid
1404,3510,1,False,JUMP,39,147,scale,sigmoid
1405,3510,1,False,SCORE_DIST,39,147,scale,sigmoid
1406,3510,4,True,PERCENTILES,39,147,scale,sigmoid
1407,2358,1,False,JUMP,39,147,scale,sigmoid
1408,2358,1,False,SCORE_DIST,39,147,scale,sigmoid
1409,2358,4,False,PERCENTILES,39,147,scale,sigmoid
1410,79,1,False,JUMP,39,147,scale,sigmoid
1411,79,1,False,SCORE_DIST,39,147,scale,sigmoid
1412,79,4,True,PERCENTILES,39,147,scale,sigmoid
1413,98,1,True,JUMP,39,98,scale,sigmoid
1414,98,1,True,SCORE_DIST,39,98,scale,sigmoid
1415,98,4,True,PERCENTILES,39,98,scale,sigmoid
1416,85,2,False,JUMP,39,147,scale,sigmoid
1417,85,1,False,SCORE_DIST,39,147,scale,sigmoid
1418,85,4,False,PERCENTILES,39,147,scale,sigmoid
1419,3203,3,False,JUMP,39,98,scale,sigmoid
1420,3203,1,False,SCORE_DIST,39,98,scale,sigmoid
1421,3203,4,False,PERCENTILES,39,98,scale,sigmoid
1422,147,1,False,JUMP,39,22,scale,sigmoid
1423,147,1,False,SCORE_DIST,39,22,scale,sigmoid
1424,147,4,True,PERCENTILES,39,22,scale,sigmoid
1425,3112,10,True,JUMP,39,147,scale,sigmoid
1426,3112,3,False,SCORE_DIST,39,147,scale,sigmoid
1427,3112,4,False,PERCENTILES,39,147,scale,sigmoid
1428,86,1,False,JUMP,39,98,scale,sigmoid
1429,86,1,False,SCORE_DIST,39,98,scale,sigmoid
1430,86,4,False,PERCENTILES,39,98,scale,sigmoid
1431,147,1,True,JUMP,39,147,scale,sigmoid
1432,147,1,True,SCORE_DIST,39,147,scale,sigmoid
1433,147,4,True,PERCENTILES,39,147,scale,sigmoid
1434,98,1,False,JUMP,39,147,scale,sigmoid
1435,98,1,False,SCORE_DIST,39,147,scale,sigmoid
1436,98,4,True,PERCENTILES,39,147,scale,sigmoid
1437,601,2,False,JUMP,39,3510,scale,sigmoid
1438,601,2,False,SCORE_DIST,39,3510,scale,sigmoid
1439,601,4,False,PERCENTILES,39,3510,scale,sigmoid
1440,28,1,False,JUMP,39,147,scale,sigmoid
1441,28,1,False,SCORE_DIST,39,147,scale,sigmoid
1442,28,4,True,PERCENTILES,39,147,scale,sigmoid
1443,147,1,True,JUMP,39,147,scale,sigmoid
1444,147,1,True,SCORE_DIST,39,147,scale,sigmoid
1445,147,4,True,PERCENTILES,39,147,scale,sigmoid
1446,3082,1,False,JUMP,39,147,scale,sigmoid
1447,3082,1,False,SCORE_DIST,39,147,scale,sigmoid
1448,3082,4,True,PERCENTILES,39,147,scale,sigmoid
1449,2390,7,False,JUMP,39,3082,scale,sigmoid
1450,2390,2,False,SCORE_DIST,39,3082,scale,sigmoid
1451,2390,4,False,PERCENTILES,39,3082,scale,sigmoid
1452,98,1,False,JUMP,39,4857,scale,sigmoid
1453,98,2,True,SCORE_DIST,39,4857,scale,sigmoid
1454,98,4,True,PERCENTILES,39,4857,scale,sigmoid
1455,224,1,False,JUMP,39,147,scale,sigmoid
1456,224,2,False,SCORE_DIST,39,147,scale,sigmoid
1457,224,4,False,PERCENTILES,39,147,scale,sigmoid
1458,28,1,False,JUMP,39,3082,scale,sigmoid
1459,28,1,False,SCORE_DIST,39,3082,scale,sigmoid
1460,28,4,False,PERCENTILES,39,3082,scale,sigmoid
1461,147,1,True,JUMP,39,147,scale,sigmoid
1462,147,1,True,SCORE_DIST,39,147,scale,sigmoid
1463,147,4,True,PERCENTILES,39,147,scale,sigmoid
1464,308,1,False,JUMP,39,147,scale,sigmoid
1465,308,1,False,SCORE_DIST,39,147,scale,sigmoid
1466,308,4,False,PERCENTILES,39,147,scale,sigmoid
1467,147,2,False,JUMP,39,3112,scale,sigmoid
1468,147,1,False,SCORE_DIST,39,3112,scale,sigmoid
1469,147,4,True,PERCENTILES,39,3112,scale,sigmoid
1470,710,1,False,JUMP,39,3082,scale,sigmoid
1471,710,1,False,SCORE_DIST,39,3082,scale,sigmoid
1472,710,4,True,PERCENTILES,39,3082,scale,sigmoid
1473,98,1,True,JUMP,39,98,scale,sigmoid
1474,98,1,True,SCORE_DIST,39,98,scale,sigmoid
1475,98,4,True,PERCENTILES,39,98,scale,sigmoid
1476,98,1,True,JUMP,39,98,scale,sigmoid
1477,98,1,True,SCORE_DIST,39,98,scale,sigmoid
1478,98,4,True,PERCENTILES,39,98,scale,sigmoid
1479,224,1,False,JUMP,39,147,scale,sigmoid
1480,224,1,False,SCORE_DIST,39,147,scale,sigmoid
1481,224,4,False,PERCENTILES,39,147,scale,sigmoid
1482,601,4,False,JUMP,39,3510,scale,sigmoid
1483,601,1,False,SCORE_DIST,39,3510,scale,sigmoid
1484,601,4,False,PERCENTILES,39,3510,scale,sigmoid
1485,3112,1,False,JUMP,39,98,scale,sigmoid
1486,3112,1,False,SCORE_DIST,39,98,scale,sigmoid
1487,3112,4,True,PERCENTILES,39,98,scale,sigmoid
1488,98,1,True,JUMP,39,98,scale,sigmoid
1489,98,2,True,SCORE_DIST,39,98,scale,sigmoid
1490,98,4,True,PERCENTILES,39,98,scale,sigmoid
1491,251,1,False,JUMP,39,98,scale,sigmoid
1492,251,1,False,SCORE_DIST,39,98,scale,sigmoid
1493,251,4,False,PERCENTILES,39,98,scale,sigmoid
1494,3202,1,False,JUMP,39,98,scale,sigmoid
1495,3202,1,False,SCORE_DIST,39,98,scale,sigmoid
1496,3202,4,False,PERCENTILES,39,98,scale,sigmoid
1497,3112,1,False,JUMP,39,98,scale,sigmoid
1498,3112,1,False,SCORE_DIST,39,98,scale,sigmoid
1499,3112,4,True,PERCENTILES,39,98,scale,sigmoid
1500,98,1,False,JUMP,39,147,scale,sigmoid
1501,98,1,False,SCORE_DIST,39,147,scale,sigmoid
1502,98,4,True,PERCENTILES,39,147,scale,sigmoid
1503,710,2,False,JUMP,39,147,scale,sigmoid
1504,710,2,False,SCORE_DIST,39,147,scale,sigmoid
1505,710,4,True,PERCENTILES,39,147,scale,sigmoid
1506,24,1,False,JUMP,39,147,scale,sigmoid
1507,24,1,False,SCORE_DIST,39,147,scale,sigmoid
1508,24,4,False,PERCENTILES,39,147,scale,sigmoid
1509,22,1,False,JUMP,39,98,scale,sigmoid
1510,22,1,False,SCORE_DIST,39,98,scale,sigmoid
1511,22,4,False,PERCENTILES,39,98,scale,sigmoid
1512,3112,1,False,JUMP,39,98,scale,sigmoid
1513,3112,1,False,SCORE_DIST,39,98,scale,sigmoid
1514,3112,4,False,PERCENTILES,39,98,scale,sigmoid
1515,61,1,False,JUMP,39,147,scale,sigmoid
1516,61,1,False,SCORE_DIST,39,147,scale,sigmoid
1517,61,4,False,PERCENTILES,39,147,scale,sigmoid
1518,2052,5,False,JUMP,39,224,scale,sigmoid
1519,2052,1,False,SCORE_DIST,39,224,scale,sigmoid
1520,2052,4,False,PERCENTILES,39,224,scale,sigmoid
1521,3112,1,False,JUMP,39,147,scale,sigmoid
1522,3112,1,False,SCORE_DIST,39,147,scale,sigmoid
1523,3112,4,True,PERCENTILES,39,147,scale,sigmoid
1524,147,1,True,JUMP,39,147,scale,sigmoid
1525,147,1,True,SCORE_DIST,39,147,scale,sigmoid
1526,147,4,True,PERCENTILES,39,147,scale,sigmoid
1527,4857,1,False,JUMP,39,98,scale,sigmoid
1528,4857,1,False,SCORE_DIST,39,98,scale,sigmoid
1529,4857,4,False,PERCENTILES,39,98,scale,sigmoid
1530,22,1,False,JUMP,39,147,scale,sigmoid
1531,22,1,False,SCORE_DIST,39,147,scale,sigmoid
1532,22,4,True,PERCENTILES,39,147,scale,sigmoid
1533,61,1,False,JUMP,39,147,scale,sigmoid
1534,61,1,False,SCORE_DIST,39,147,scale,sigmoid
1535,61,4,False,PERCENTILES,39,147,scale,sigmoid
1536,3096,1,False,JUMP,39,3082,scale,sigmoid
1537,3096,1,False,SCORE_DIST,39,3082,scale,sigmoid
1538,3096,4,False,PERCENTILES,39,3082,scale,sigmoid
1539,3082,1,True,JUMP,39,3082,scale,sigmoid
1540,3082,1,True,SCORE_DIST,39,3082,scale,sigmoid
1541,3082,4,True,PERCENTILES,39,3082,scale,sigmoid
1542,147,1,True,JUMP,39,147,scale,sigmoid
1543,147,1,True,SCORE_DIST,39,147,scale,sigmoid
1544,147,4,True,PERCENTILES,39,147,scale,sigmoid
1545,4857,1,False,JUMP,39,147,scale,sigmoid
1546,4857,1,False,SCORE_DIST,39,147,scale,sigmoid
1547,4857,4,False,PERCENTILES,39,147,scale,sigmoid
1548,3082,1,False,JUMP,39,4857,scale,sigmoid
1549,3082,2,True,SCORE_DIST,39,4857,scale,sigmoid
1550,3082,4,True,PERCENTILES,39,4857,scale,sigmoid
1551,147,1,True,JUMP,39,147,scale,sigmoid
1552,147,1,True,SCORE_DIST,39,147,scale,sigmoid
1553,147,4,True,PERCENTILES,39,147,scale,sigmoid
1554,4857,1,False,JUMP,39,98,scale,sigmoid
1555,4857,1,False,SCORE_DIST,39,98,scale,sigmoid
1556,4857,4,False,PERCENTILES,39,98,scale,sigmoid
1557,447,1,False,JUMP,39,98,scale,sigmoid
1558,447,1,False,SCORE_DIST,39,98,scale,sigmoid
1559,447,4,False,PERCENTILES,39,98,scale,sigmoid
1560,3082,2,True,JUMP,39,3082,scale,sigmoid
1561,3082,1,True,SCORE_DIST,39,3082,scale,sigmoid
1562,3082,4,True,PERCENTILES,39,3082,scale,sigmoid
1563,3510,1,False,JUMP,39,147,scale,sigmoid
1564,3510,1,False,SCORE_DIST,39,147,scale,sigmoid
1565,3510,4,True,PERCENTILES,39,147,scale,sigmoid
1566,710,2,True,JUMP,39,710,scale,sigmoid
1567,710,2,True,SCORE_DIST,39,710,scale,sigmoid
1568,710,4,True,PERCENTILES,39,710,scale,sigmoid
1569,147,1,True,JUMP,39,147,scale,sigmoid
1570,147,1,True,SCORE_DIST,39,147,scale,sigmoid
1571,147,4,True,PERCENTILES,39,147,scale,sigmoid
1572,3202,1,False,JUMP,39,147,scale,sigmoid
1573,3202,1,False,SCORE_DIST,39,147,scale,sigmoid
1574,3202,4,False,PERCENTILES,39,147,scale,sigmoid
1575,2052,1,False,JUMP,39,147,scale,sigmoid
1576,2052,1,False,SCORE_DIST,39,147,scale,sigmoid
1577,2052,4,False,PERCENTILES,39,147,scale,sigmoid
1578,3510,1,False,JUMP,39,98,scale,sigmoid
1579,3510,1,False,SCORE_DIST,39,98,scale,sigmoid
1580,3510,4,False,PERCENTILES,39,98,scale,sigmoid
1581,224,1,False,JUMP,39,98,scale,sigmoid
1582,224,1,False,SCORE_DIST,39,98,scale,sigmoid
1583,224,4,True,PERCENTILES,39,98,scale,sigmoid
1584,3510,2,True,JUMP,39,3510,scale,sigmoid
1585,3510,3,True,SCORE_DIST,39,3510,scale,sigmoid
1586,3510,4,True,PERCENTILES,39,3510,scale,sigmoid
1587,4857,2,True,JUMP,39,4857,scale,sigmoid
1588,4857,2,True,SCORE_DIST,39,4857,scale,sigmoid
1589,4857,4,True,PERCENTILES,39,4857,scale,sigmoid
1590,3082,1,False,JUMP,39,98,scale,sigmoid
1591,3082,2,False,SCORE_DIST,39,98,scale,sigmoid
1592,3082,4,False,PERCENTILES,39,98,scale,sigmoid
1593,79,1,False,JUMP,39,98,scale,sigmoid
1594,79,1,False,SCORE_DIST,39,98,scale,sigmoid
1595,79,4,False,PERCENTILES,39,98,scale,sigmoid
1596,35,1,False,JUMP,39,147,scale,sigmoid
1597,35,1,False,SCORE_DIST,39,147,scale,sigmoid
1598,35,4,False,PERCENTILES,39,147,scale,sigmoid
1599,147,1,True,JUMP,39,147,scale,sigmoid
1600,147,1,True,SCORE_DIST,39,147,scale,sigmoid
1601,147,4,True,PERCENTILES,39,147,scale,sigmoid
1602,3131,4,False,JUMP,39,98,scale,sigmoid
1603,3131,2,False,SCORE_DIST,39,98,scale,sigmoid
1604,3131,4,False,PERCENTILES,39,98,scale,sigmoid
1605,147,1,True,JUMP,39,147,scale,sigmoid
1606,147,1,True,SCORE_DIST,39,147,scale,sigmoid
1607,147,4,True,PERCENTILES,39,147,scale,sigmoid
1608,710,1,False,JUMP,39,98,scale,sigmoid
1609,710,1,False,SCORE_DIST,39,98,scale,sigmoid
1610,710,4,True,PERCENTILES,39,98,scale,sigmoid
1611,308,1,False,JUMP,39,147,scale,sigmoid
1612,308,1,False,SCORE_DIST,39,147,scale,sigmoid
1613,308,4,False,PERCENTILES,39,147,scale,sigmoid
1614,108,1,False,JUMP,39,147,scale,sigmoid
1615,108,1,False,SCORE_DIST,39,147,scale,sigmoid
1616,108,4,False,PERCENTILES,39,147,scale,sigmoid
1617,36,1,False,JUMP,39,98,scale,sigmoid
1618,36,1,False,SCORE_DIST,39,98,scale,sigmoid
1619,36,4,False,PERCENTILES,39,98,scale,sigmoid
1620,61,1,False,JUMP,39,147,scale,sigmoid
1621,61,1,False,SCORE_DIST,39,147,scale,sigmoid
1622,61,4,False,PERCENTILES,39,147,scale,sigmoid
1623,98,1,True,JUMP,39,98,scale,sigmoid
1624,98,1,True,SCORE_DIST,39,98,scale,sigmoid
1625,98,4,True,PERCENTILES,39,98,scale,sigmoid
1626,3203,2,False,JUMP,39,3510,scale,sigmoid
1627,3203,2,False,SCORE_DIST,39,3510,scale,sigmoid
1628,3203,4,False,PERCENTILES,39,3510,scale,sigmoid
1629,2042,1,False,JUMP,39,98,scale,sigmoid
1630,2042,1,False,SCORE_DIST,39,98,scale,sigmoid
1631,2042,4,False,PERCENTILES,39,98,scale,sigmoid
1632,2358,1,False,JUMP,39,147,scale,sigmoid
1633,2358,1,False,SCORE_DIST,39,147,scale,sigmoid
1634,2358,4,False,PERCENTILES,39,147,scale,sigmoid
1635,4857,1,False,JUMP,39,147,scale,sigmoid
1636,4857,1,False,SCORE_DIST,39,147,scale,sigmoid
1637,4857,4,False,PERCENTILES,39,147,scale,sigmoid
1638,3082,1,True,JUMP,39,3082,scale,sigmoid
1639,3082,1,True,SCORE_DIST,39,3082,scale,sigmoid
1640,3082,4,True,PERCENTILES,39,3082,scale,sigmoid
1641,3510,1,False,JUMP,39,147,scale,sigmoid
1642,3510,1,False,SCORE_DIST,39,147,scale,sigmoid
1643,3510,4,True,PERCENTILES,39,147,scale,sigmoid
1644,447,1,False,JUMP,39,4857,scale,sigmoid
1645,447,2,False,SCORE_DIST,39,4857,scale,sigmoid
1646,447,4,False,PERCENTILES,39,4857,scale,sigmoid
1647,3254,1,False,JUMP,39,3510,scale,sigmoid
1648,3254,1,False,SCORE_DIST,39,3510,scale,sigmoid
1649,3254,4,False,PERCENTILES,39,3510,scale,sigmoid
1650,147,1,True,JUMP,39,147,scale,sigmoid
1651,147,1,True,SCORE_DIST,39,147,scale,sigmoid
1652,147,4,True,PERCENTILES,39,147,scale,sigmoid
1653,97,4,False,JUMP,39,79,scale,sigmoid
1654,97,2,False,SCORE_DIST,39,79,scale,sigmoid
1655,97,4,False,PERCENTILES,39,79,scale,sigmoid
1656,3082,2,False,JUMP,39,710,scale,sigmoid
1657,3082,2,False,SCORE_DIST,39,710,scale,sigmoid
1658,3082,4,True,PERCENTILES,39,710,scale,sigmoid
1659,3082,3,True,JUMP,39,3082,scale,sigmoid
1660,3082,1,True,SCORE_DIST,39,3082,scale,sigmoid
1661,3082,4,True,PERCENTILES,39,3082,scale,sigmoid
1662,282,1,False,JUMP,39,98,scale,sigmoid
1663,282,1,False,SCORE_DIST,39,98,scale,sigmoid
1664,282,4,False,PERCENTILES,39,98,scale,sigmoid
1665,224,2,True,JUMP,39,710,scale,sigmoid
1666,224,2,True,SCORE_DIST,39,710,scale,sigmoid
1667,224,4,True,PERCENTILES,39,710,scale,sigmoid
1668,77,1,False,JUMP,39,710,scale,sigmoid
1669,77,1,False,SCORE_DIST,39,710,scale,sigmoid
1670,77,4,False,PERCENTILES,39,710,scale,sigmoid
1671,3082,1,False,JUMP,39,147,scale,sigmoid
1672,3082,1,False,SCORE_DIST,39,147,scale,sigmoid
1673,3082,4,False,PERCENTILES,39,147,scale,sigmoid
1674,857,1,False,JUMP,39,98,scale,sigmoid
1675,857,1,False,SCORE_DIST,39,98,scale,sigmoid
1676,857,4,False,PERCENTILES,39,98,scale,sigmoid
1677,79,1,False,JUMP,39,3510,scale,sigmoid
1678,79,1,False,SCORE_DIST,39,3510,scale,sigmoid
1679,79,4,False,PERCENTILES,39,3510,scale,sigmoid
1680,45,1,False,JUMP,39,98,scale,sigmoid
1681,45,1,False,SCORE_DIST,39,98,scale,sigmoid
1682,45,4,False,PERCENTILES,39,98,scale,sigmoid
1683,147,1,True,JUMP,39,147,scale,sigmoid
1684,147,1,True,SCORE_DIST,39,147,scale,sigmoid
1685,147,4,True,PERCENTILES,39,147,scale,sigmoid
1686,147,1,True,JUMP,39,147,scale,sigmoid
1687,147,1,True,SCORE_DIST,39,147,scale,sigmoid
1688,147,4,True,PERCENTILES,39,147,scale,sigmoid
1689,282,1,False,JUMP,39,3082,scale,sigmoid
1690,282,1,False,SCORE_DIST,39,3082,scale,sigmoid
1691,282,4,False,PERCENTILES,39,3082,scale,sigmoid
1692,79,1,False,JUMP,39,4857,scale,sigmoid
1693,79,2,False,SCORE_DIST,39,4857,scale,sigmoid
1694,79,4,False,PERCENTILES,39,4857,scale,sigmoid
1695,28,1,False,JUMP,39,4857,scale,sigmoid
1696,28,1,False,SCORE_DIST,39,4857,scale,sigmoid
1697,28,4,True,PERCENTILES,39,4857,scale,sigmoid
1698,98,1,True,JUMP,39,98,scale,sigmoid
1699,98,1,True,SCORE_DIST,39,98,scale,sigmoid
1700,98,4,True,PERCENTILES,39,98,scale,sigmoid
1701,3510,1,False,JUMP,39,147,scale,sigmoid
1702,3510,1,False,SCORE_DIST,39,147,scale,sigmoid
1703,3510,4,True,PERCENTILES,39,147,scale,sigmoid
1704,98,1,True,JUMP,39,98,scale,sigmoid
1705,98,1,True,SCORE_DIST,39,98,scale,sigmoid
1706,98,4,True,PERCENTILES,39,98,scale,sigmoid
1707,147,1,True,JUMP,39,147,scale,sigmoid
1708,147,1,True,SCORE_DIST,39,147,scale,sigmoid
1709,147,4,True,PERCENTILES,39,147,scale,sigmoid
1710,4857,1,False,JUMP,39,98,scale,sigmoid
1711,4857,1,False,SCORE_DIST,39,98,scale,sigmoid
1712,4857,4,True,PERCENTILES,39,98,scale,sigmoid
1713,98,1,True,JUMP,39,98,scale,sigmoid
1714,98,1,True,SCORE_DIST,39,98,scale,sigmoid
1715,98,4,True,PERCENTILES,39,98,scale,sigmoid
1716,22,1,False,JUMP,39,147,scale,sigmoid
1717,22,1,False,SCORE_DIST,39,147,scale,sigmoid
1718,22,4,True,PERCENTILES,39,147,scale,sigmoid
1719,98,1,False,JUMP,39,147,scale,sigmoid
1720,98,1,False,SCORE_DIST,39,147,scale,sigmoid
1721,98,4,True,PERCENTILES,39,147,scale,sigmoid
1722,3082,1,False,JUMP,39,147,scale,sigmoid
1723,3082,1,False,SCORE_DIST,39,147,scale,sigmoid
1724,3082,4,False,PERCENTILES,39,147,scale,sigmoid
1725,45,1,False,JUMP,39,98,scale,sigmoid
1726,45,1,False,SCORE_DIST,39,98,scale,sigmoid
1727,45,4,False,PERCENTILES,39,98,scale,sigmoid
1728,22,1,False,JUMP,39,98,scale,sigmoid
1729,22,1,False,SCORE_DIST,39,98,scale,sigmoid
1730,22,4,False,PERCENTILES,39,98,scale,sigmoid
1731,4857,1,False,JUMP,39,710,scale,sigmoid
1732,4857,1,False,SCORE_DIST,39,710,scale,sigmoid
1733,4857,4,False,PERCENTILES,39,710,scale,sigmoid
1734,3112,3,False,JUMP,39,710,scale,sigmoid
1735,3112,1,False,SCORE_DIST,39,710,scale,sigmoid
1736,3112,4,False,PERCENTILES,39,710,scale,sigmoid
1737,77,1,False,JUMP,39,3082,scale,sigmoid
1738,77,1,False,SCORE_DIST,39,3082,scale,sigmoid
1739,77,4,False,PERCENTILES,39,3082,scale,sigmoid
1740,24,1,False,JUMP,39,147,scale,sigmoid
1741,24,2,False,SCORE_DIST,39,147,scale,sigmoid
1742,24,4,False,PERCENTILES,39,147,scale,sigmoid
1743,371,1,False,JUMP,39,3082,scale,sigmoid
1744,371,1,False,SCORE_DIST,39,3082,scale,sigmoid
1745,371,4,False,PERCENTILES,39,3082,scale,sigmoid
1746,3510,2,True,JUMP,39,147,scale,sigmoid
1747,3510,2,True,SCORE_DIST,39,147,scale,sigmoid
1748,3510,4,True,PERCENTILES,39,147,scale,sigmoid
1749,2052,8,True,JUMP,39,224,scale,sigmoid
1750,2052,3,False,SCORE_DIST,39,224,scale,sigmoid
1751,2052,4,False,PERCENTILES,39,224,scale,sigmoid
1752,147,1,True,JUMP,39,147,scale,sigmoid
1753,147,1,True,SCORE_DIST,39,147,scale,sigmoid
1754,147,4,True,PERCENTILES,39,147,scale,sigmoid
1755,3082,1,True,JUMP,39,3082,scale,sigmoid
1756,3082,1,True,SCORE_DIST,39,3082,scale,sigmoid
1757,3082,4,True,PERCENTILES,39,3082,scale,sigmoid
1758,98,1,False,JUMP,39,4857,scale,sigmoid
1759,98,1,False,SCORE_DIST,39,4857,scale,sigmoid
1760,98,4,True,PERCENTILES,39,4857,scale,sigmoid
1761,2358,2,True,JUMP,39,710,scale,sigmoid
1762,2358,1,False,SCORE_DIST,39,710,scale,sigmoid
1763,2358,4,True,PERCENTILES,39,710,scale,sigmoid
1764,22,2,False,JUMP,39,147,scale,sigmoid
1765,22,2,False,SCORE_DIST,39,147,scale,sigmoid
1766,22,4,True,PERCENTILES,39,147,scale,sigmoid
1767,224,1,False,JUMP,39,4857,scale,sigmoid
1768,224,1,False,SCORE_DIST,39,4857,scale,sigmoid
1769,224,4,False,PERCENTILES,39,4857,scale,sigmoid
1770,79,1,False,JUMP,39,147,scale,sigmoid
1771,79,1,False,SCORE_DIST,39,147,scale,sigmoid
1772,79,4,False,PERCENTILES,39,147,scale,sigmoid
1773,3510,1,False,JUMP,39,147,scale,sigmoid
1774,3510,1,False,SCORE_DIST,39,147,scale,sigmoid
1775,3510,4,True,PERCENTILES,39,147,scale,sigmoid
1776,710,1,False,JUMP,39,3082,scale,sigmoid
1777,710,1,False,SCORE_DIST,39,3082,scale,sigmoid
1778,710,4,True,PERCENTILES,39,3082,scale,sigmoid
1779,371,1,False,JUMP,39,98,scale,sigmoid
1780,371,1,False,SCORE_DIST,39,98,scale,sigmoid
1781,371,4,False,PERCENTILES,39,98,scale,sigmoid
1782,22,6,True,JUMP,39,3112,scale,sigmoid
1783,22,1,False,SCORE_DIST,39,3112,scale,sigmoid
1784,22,4,True,PERCENTILES,39,3112,scale,sigmoid
1785,147,1,True,JUMP,39,147,scale,sigmoid
1786,147,1,True,SCORE_DIST,39,147,scale,sigmoid
1787,147,4,True,PERCENTILES,39,147,scale,sigmoid
1788,257,2,False,JUMP,39,3082,scale,sigmoid
1789,257,1,False,SCORE_DIST,39,3082,scale,sigmoid
1790,257,4,False,PERCENTILES,39,3082,scale,sigmoid
1791,3112,3,True,JUMP,39,147,scale,sigmoid
1792,3112,3,True,SCORE_DIST,39,147,scale,sigmoid
1793,3112,4,True,PERCENTILES,39,147,scale,sigmoid
1794,147,1,True,JUMP,39,147,scale,sigmoid
1795,147,1,True,SCORE_DIST,39,147,scale,sigmoid
1796,147,4,True,PERCENTILES,39,147,scale,sigmoid
1797,147,1,True,JUMP,39,147,scale,sigmoid
1798,147,1,True,SCORE_DIST,39,147,scale,sigmoid
1799,147,4,True,PERCENTILES,39,147,scale,sigmoid
1800,147,5,True,JUMP,39,79,scale,sigmoid
1801,147,2,True,SCORE_DIST,39,79,scale,sigmoid
1802,147,4,True,PERCENTILES,39,79,scale,sigmoid
1803,3096,1,False,JUMP,39,147,scale,sigmoid
1804,3096,1,False,SCORE_DIST,39,147,scale,sigmoid
1805,3096,4,False,PERCENTILES,39,147,scale,sigmoid
1806,35,1,False,JUMP,39,147,scale,sigmoid
1807,35,1,False,SCORE_DIST,39,147,scale,sigmoid
1808,35,4,False,PERCENTILES,39,147,scale,sigmoid
1809,2358,1,True,JUMP,39,2358,scale,sigmoid
1810,2358,1,True,SCORE_DIST,39,2358,scale,sigmoid
1811,2358,4,True,PERCENTILES,39,2358,scale,sigmoid
1812,3096,1,False,JUMP,39,98,scale,sigmoid
1813,3096,1,False,SCORE_DIST,39,98,scale,sigmoid
1814,3096,4,False,PERCENTILES,39,98,scale,sigmoid
1815,98,1,False,JUMP,39,3082,scale,sigmoid
1816,98,2,False,SCORE_DIST,39,3082,scale,sigmoid
1817,98,4,True,PERCENTILES,39,3082,scale,sigmoid
1818,257,1,False,JUMP,39,147,scale,sigmoid
1819,257,1,False,SCORE_DIST,39,147,scale,sigmoid
1820,257,4,False,PERCENTILES,39,147,scale,sigmoid
1821,2162,1,False,JUMP,39,98,scale,sigmoid
1822,2162,1,False,SCORE_DIST,39,98,scale,sigmoid
1823,2162,4,False,PERCENTILES,39,98,scale,sigmoid
1824,710,1,False,JUMP,39,98,scale,sigmoid
1825,710,1,False,SCORE_DIST,39,98,scale,sigmoid
1826,710,4,True,PERCENTILES,39,98,scale,sigmoid
1827,28,1,False,JUMP,39,147,scale,sigmoid
1828,28,1,False,SCORE_DIST,39,147,scale,sigmoid
1829,28,4,True,PERCENTILES,39,147,scale,sigmoid
1830,224,1,False,JUMP,39,98,scale,sigmoid
1831,224,1,False,SCORE_DIST,39,98,scale,sigmoid
1832,224,4,True,PERCENTILES,39,98,scale,sigmoid
1833,2162,1,False,JUMP,39,98,scale,sigmoid
1834,2162,1,False,SCORE_DIST,39,98,scale,sigmoid
1835,2162,4,False,PERCENTILES,39,98,scale,sigmoid
